"loan_id";"account_id";"date";"amount";"duration";"payments";"status";"district_id";"frequency";"client_id";"type";"birth_number";"no. of commited crimes '95 ";"name ";"region";"no. of inhabitants";"no. of municipalities with inhabitants < 499 ";"no. of municipalities with inhabitants 500-1999";"no. of municipalities with inhabitants 2000-9999 ";"no. of municipalities with inhabitants >10000 ";"no. of cities ";"ratio of urban inhabitants ";"average salary ";"no. of enterpreneurs per 1000 inhabitants ";"no. of commited crimes '96";"unemploymant rate '95 ";"unemploymant rate '96 ";"credit_month";"withdrawal_month";"household";"first_date";"Account duration";"Gender"
5314;1787;930705;96396;12;8033;-1;30;"weekly issuance";2166;"OWNER";475722;2985;"Sokolov";"west Bohemia";94812;15;13;8;2;10;81.8;9650;100;2804;3.38;3.67;5025.0;0.0;0.0;930322;5;"F"
5316;1801;930711;165960;36;4610;1;46;"monthly issuance";2181;"OWNER";680722;2854;"Nachod";"east Bohemia";112709;48;20;7;3;10;73.5;8369;117;2618;1.79;2.31;38315.61666666666;29614.133333333335;4167.0;930213;6;"M"
6863;9188;930728;127080;60;2118;1;45;"monthly issuance";11314;"OWNER";360602;2080;"Jicin";"east Bohemia";77917;85;19;6;1;5;53.5;8390;132;2122;2.28;2.89;12524.333333333334;9145.5;7936.0;930208;6;"M"
5325;1843;930803;105804;36;2939;1;12;"monthly issuance";2235;"OWNER";405420;3804;"Pribram";"central Bohemia";107870;84;29;6;1;6;58.0;8754;137;3868;3.83;4.31;17187.114285714284;12288.171428571428;6994.0;930130;8;"F"
7240;11013;930906;274740;60;4579;1;1;"weekly issuance";13539;"OWNER";780907;85677;"Hl.m. Praha";"Prague";1204953;0;0;0;1;1;100.0;12541;167;99107;0.29;0.43;39475.299999999996;33602.0;756.0;930214;8;"M"
6687;8261;930913;87840;24;3660;1;13;"monthly issuance";10200;"OWNER";805216;1597;"Rakovnik";"central Bohemia";53921;61;22;1;1;2;41.3;8598;123;1875;2.77;3.26;20529.56;11760.0;0.0;930512;5;"F"
6687;8261;930913;87840;24;3660;1;13;"monthly issuance";10201;"DISPONENT";851019;1597;"Rakovnik";"central Bohemia";53921;61;22;1;1;2;41.3;8598;123;1875;2.77;3.26;20529.56;11760.0;0.0;930512;5;"M"
7284;11265;930915;52788;12;4399;1;15;"monthly issuance";13845;"OWNER";730216;1845;"Cesky Krumlov";"south Bohemia";58796;22;16;7;1;5;51.9;9045;124;1879;3.13;3.6;10042.755555555554;7706.199999999999;506.0;930114;9;"M"
6111;5428;930924;174744;24;7281;-1;24;"monthly issuance";6551;"OWNER";485812;5198;"Karlovy Vary";"west Bohemia";122603;25;21;6;2;8;80.0;8991;128;5273;1.39;2.01;35666.26666666667;25976.133333333335;4100.0;930414;6;"F"
7235;10973;931013;154416;48;3217;1;18;"weekly issuance";13490;"OWNER";695525;1740;"Pisek";"south Bohemia";70699;60;13;2;1;4;65.3;8968;131;1910;2.83;3.35;26077.685714285715;18448.714285714286;0.0;930420;7;"F"
5997;4894;931104;117024;24;4876;1;14;"monthly issuance";5911;"OWNER";351003;6604;"Ceske Budejovice";"south Bohemia";177686;69;27;10;1;9;74.8;10045;135;6295;1.42;1.71;23678.7;13040.0;0.0;930620;6;"M"
7121;10364;931110;21924;36;609;1;55;"monthly issuance";12754;"OWNER";600820;3659;"Brno - venkov";"south Moravia";157042;49;70;18;0;9;33.9;8743;111;3894;1.88;2.43;14416.954545454546;9954.818181818184;6262.0;930117;12;"M"
7121;10364;931110;21924;36;609;1;55;"monthly issuance";12755;"DISPONENT";596101;3659;"Brno - venkov";"south Moravia";157042;49;70;18;0;9;33.9;8743;111;3894;1.88;2.43;14416.954545454546;9954.818181818184;6262.0;930117;12;"F"
6077;5270;931122;79608;24;3317;1;44;"monthly issuance";6367;"OWNER";700428;2166;"Chrudim";"east Bohemia";105606;77;26;7;2;7;53.0;8254;97;2325;2.79;3.76;47116.58181818182;37685.14545454545;0.0;930113;12;"M"
6228;6034;931201;464520;60;7742;-1;6;"weekly issuance";7291;"OWNER";406202;2640;"Kutna Hora";"central Bohemia";77963;60;23;4;2;4;51.5;8546;126;3120;2.95;4.02;55233.588888888895;45525.77777777778;0.0;930319;10;"F"
6356;6701;931208;95400;36;2650;1;49;"weekly issuance";8091;"OWNER";710210;1660;"Semily";"east Bohemia";75685;31;28;5;1;9;60.8;8208;155;2123;1.89;2.26;28616.111111111113;25542.0;0.0;930315;11;"M"
5523;2705;931208;93888;36;2608;1;63;"issuance after transaction";3264;"OWNER";506020;1562;"Vyskov";"south Moravia";86513;38;36;5;1;5;50.5;8288;110;1460;3.79;4.52;14169.4;8383.333333333334;0.0;930705;6;"F"
6456;7123;931209;47016;12;3918;1;64;"issuance after transaction";8598;"OWNER";576231;4484;"Zlin";"south Moravia";197099;29;41;10;2;10;74.7;9624;145;4265;1.6;2.31;31853.711111111115;25323.333333333332;14581.0;930414;9;"F"
7104;10320;931213;259740;60;4329;1;68;"monthly issuance";12695;"OWNER";790316;5623;"Frydek - Mistek";"north Moravia";228848;15;40;18;2;6;57.2;9893;96;5887;4.09;4.72;24072.25;12869.0;12414.0;930711;6;"M"
6820;9034;931216;38148;12;3179;1;1;"monthly issuance";11126;"OWNER";655122;85677;"Hl.m. Praha";"Prague";1204953;0;0;0;1;1;100.0;12541;167;99107;0.29;0.43;20745.928571428572;13927.942857142858;4697.0;930628;7;"F"
6876;9236;931221;86616;12;7218;1;11;"monthly issuance";11372;"OWNER";610928;3475;"Praha - zapad";"central Bohemia";75637;35;36;9;0;7;36.5;9622;154;3529;0.45;0.59;11710.640000000001;4260.0;0.0;930818;5;"M"
7097;10266;931223;75624;24;3151;-1;54;"monthly issuance";12625;"OWNER";581207;18721;"Brno - mesto";"south Moravia";387570;0;0;0;1;1;100.0;9897;140;18696;1.6;1.96;25022.14285714286;19028.571428571428;13500.0;930610;7;"M"
4959;2;940105;80952;24;3373;1;1;"monthly issuance";2;"OWNER";450204;85677;"Hl.m. Praha";"Prague";1204953;0;0;0;1;1;100.0;12541;167;99107;0.29;0.43;20789.572727272727;18258.600000000002;7266.0;930226;11;"M"
4959;2;940105;80952;24;3373;1;1;"monthly issuance";3;"DISPONENT";406009;85677;"Hl.m. Praha";"Prague";1204953;0;0;0;1;1;100.0;12541;167;99107;0.29;0.43;20789.572727272727;18258.600000000002;7266.0;930226;11;"F"
6499;7401;940105;80952;24;3373;1;1;"monthly issuance";9173;"OWNER";450204;85677;"Hl.m. Praha";"Prague";1204953;0;0;0;1;1;100.0;12541;167;99107;0.29;0.43;20790.354545454546;18176.781818181822;7266.0;930226;11;"M"
6499;7401;940105;80952;24;3373;1;1;"monthly issuance";9174;"DISPONENT";406009;85677;"Hl.m. Praha";"Prague";1204953;0;0;0;1;1;100.0;12541;167;99107;0.29;0.43;20790.354545454546;18176.781818181822;7266.0;930226;11;"F"
5479;2486;940110;24516;12;2043;1;1;"monthly issuance";3001;"OWNER";581007;85677;"Hl.m. Praha";"Prague";1204953;0;0;0;1;1;100.0;12541;167;99107;0.29;0.43;57335.0;50184.436363636356;0.0;930227;11;"M"
5170;1071;940120;253200;60;4220;1;68;"weekly issuance";1286;"OWNER";505313;5623;"Frydek - Mistek";"north Moravia";228848;15;40;18;2;6;57.2;9893;96;5887;4.09;4.72;31642.07777777778;22625.333333333332;0.0;930510;8;"F"
6721;8475;940121;21072;24;878;1;4;"monthly issuance";10459;"OWNER";645809;5244;"Kladno";"central Bohemia";149893;63;29;6;2;6;67.4;9753;109;5892;4.64;5.05;7833.42;1660.0;0.0;930908;4;"F"
7259;11111;940131;108144;36;3004;1;1;"monthly issuance";13657;"OWNER";635512;85677;"Hl.m. Praha";"Prague";1204953;0;0;0;1;1;100.0;12541;167;99107;0.29;0.43;42991.666666666664;40555.955555555556;4736.0;930520;8;"F"
7259;11111;940131;108144;36;3004;1;1;"monthly issuance";13658;"DISPONENT";570423;85677;"Hl.m. Praha";"Prague";1204953;0;0;0;1;1;100.0;12541;167;99107;0.29;0.43;42991.666666666664;40555.955555555556;4736.0;930520;8;"M"
5285;1603;940206;78936;12;6578;1;1;"monthly issuance";1944;"OWNER";575122;85677;"Hl.m. Praha";"Prague";1204953;0;0;0;1;1;100.0;12541;167;99107;0.29;0.43;9540.5;7080.4;2359.0;930509;9;"F"
5189;1166;940207;149040;48;3105;1;11;"monthly issuance";1404;"OWNER";686220;3475;"Praha - zapad";"central Bohemia";75637;35;36;9;0;7;36.5;9622;154;3529;0.45;0.59;18993.160000000003;17089.800000000003;4397.0;930421;10;"F"
6650;8073;940217;49320;12;4110;-1;24;"issuance after transaction";9973;"OWNER";456003;5198;"Karlovy Vary";"west Bohemia";122603;25;21;6;2;8;80.0;8991;128;5273;1.39;2.01;44378.600000000006;41766.333333333336;695.0;930903;5;"F"
7226;10940;940223;197748;36;5493;1;50;"monthly issuance";13447;"OWNER";705505;2123;"Svitavy";"east Bohemia";102609;75;33;2;3;6;52.0;8187;94;2134;4.83;5.45;22665.766666666666;15450.0;0.0;930913;5;"F"
7226;10940;940223;197748;36;5493;1;50;"monthly issuance";13448;"DISPONENT";680708;2123;"Svitavy";"east Bohemia";102609;75;33;2;3;6;52.0;8187;94;2134;4.83;5.45;22665.766666666666;15450.0;0.0;930913;5;"M"
6087;5313;940227;300660;60;5011;1;40;"monthly issuance";6417;"OWNER";500107;6949;"Teplice";"north Bohemia";128118;9;16;6;3;8;85.3;9317;97;6872;6.49;7.07;32569.363636363636;29485.81818181818;5791.0;930429;10;"M"
7262;11135;940301;182628;36;5073;1;75;"monthly issuance";13687;"OWNER";590523;4063;"Prerov";"north Moravia";138032;67;30;4;2;5;64.6;8819;99;4505;5.38;5.66;15332.179999999998;6200.0;0.0;931010;5;"M"
5519;2694;940308;91632;12;7636;1;7;"monthly issuance";3251;"OWNER";626228;4289;"Melnik";"central Bohemia";94725;38;28;1;3;6;63.4;9920;130;4846;2.26;2.87;18244.2;15700.984615384617;3532.0;930308;12;"F"
5519;2694;940308;91632;12;7636;1;7;"monthly issuance";3252;"DISPONENT";610326;4289;"Melnik";"central Bohemia";94725;38;28;1;3;6;63.4;9920;130;4846;2.26;2.87;18244.2;15700.984615384617;3532.0;930308;12;"M"
6577;7753;940311;51696;24;2154;1;74;"monthly issuance";9593;"OWNER";685128;18782;"Ostrava - mesto";"north Moravia";323870;0;0;0;1;1;100.0;10673;100;18347;4.75;5.44;52004.707142857136;49275.97142857142;0.0;930208;14;"F"
6509;7445;940315;55368;24;2307;1;64;"monthly issuance";9226;"OWNER";396225;4484;"Zlin";"south Moravia";197099;29;41;10;2;10;74.7;9624;145;4265;1.6;2.31;33279.123076923075;32324.153846153848;0.0;930318;12;"F"
6520;7485;940316;91200;24;3800;1;39;"monthly issuance";9273;"OWNER";555826;4947;"Most";"north Bohemia";119895;17;4;3;2;4;89.9;10446;90;4743;7.34;9.4;21816.555555555555;18181.533333333336;10279.0;930728;8;"F"
6520;7485;940316;91200;24;3800;1;39;"monthly issuance";9274;"DISPONENT";580405;4947;"Most";"north Bohemia";119895;17;4;3;2;4;89.9;10446;90;4743;7.34;9.4;21816.555555555555;18181.533333333336;10279.0;930728;8;"M"
6699;8330;940330;7656;24;319;1;48;"monthly issuance";10287;"OWNER";625903;1655;"Rychnov nad Kneznou";"east Bohemia";78955;50;24;8;1;9;59.0;9060;124;1717;1.78;2.44;21450.70769230769;18654.32307692308;3708.0;930328;13;"F"
6699;8330;940330;7656;24;319;1;48;"monthly issuance";10288;"DISPONENT";590607;1655;"Rychnov nad Kneznou";"east Bohemia";78955;50;24;8;1;9;59.0;9060;124;1717;1.78;2.44;21450.70769230769;18654.32307692308;3708.0;930328;13;"M"
6336;6555;940331;212400;36;5900;1;38;"weekly issuance";7914;"OWNER";666024;2653;"Louny";"north Bohemia";85852;41;23;4;2;4;59.8;8965;104;2822;7.08;8.23;33332.015384615384;28391.923076923078;0.0;930305;13;"F"
7055;10079;940406;167100;60;2785;1;62;"monthly issuance";12396;"OWNER";705117;2719;"Uherske Hradiste";"south Moravia";145688;22;41;13;2;5;40.7;8544;109;2906;1.29;1.86;48815.43333333333;45539.58333333332;0.0;930506;11;"F"
7055;10079;940406;167100;60;2785;1;62;"monthly issuance";12397;"DISPONENT";730602;2719;"Uherske Hradiste";"south Moravia";145688;22;41;13;2;5;40.7;8544;109;2906;1.29;1.86;48815.43333333333;45539.58333333332;0.0;930506;11;"M"
6103;5385;940407;149340;60;2489;1;44;"weekly issuance";6499;"OWNER";630201;2166;"Chrudim";"east Bohemia";105606;77;26;7;2;7;53.0;8254;97;2325;2.79;3.76;15779.572727272725;13639.727272727272;8754.0;930521;11;"M"
6202;5891;940418;65184;12;5432;1;54;"monthly issuance";7127;"OWNER";570929;18721;"Brno - mesto";"south Moravia";387570;0;0;0;1;1;100.0;9897;140;18696;1.6;1.96;32804.84375;28555.124999999993;0.0;930125;16;"M"
7066;10131;940502;215388;36;5983;-1;1;"monthly issuance";12464;"OWNER";591217;85677;"Hl.m. Praha";"Prague";1204953;0;0;0;1;1;100.0;12541;167;99107;0.29;0.43;10193.816666666668;5083.333333333333;0.0;931127;5;"M"
6696;8321;940509;89040;60;1484;1;77;"monthly issuance";10275;"OWNER";705125;3460;"Vsetin";"north Moravia";148545;8;35;12;3;4;53.5;8909;113;3590;4.01;5.56;11738.957142857142;9645.67142857143;7041.0;930412;14;"F"
6696;8321;940509;89040;60;1484;1;77;"monthly issuance";10276;"DISPONENT";761116;3460;"Vsetin";"north Moravia";148545;8;35;12;3;4;53.5;8909;113;3590;4.01;5.56;11738.957142857142;9645.67142857143;7041.0;930412;14;"M"
6072;5256;940510;193968;36;5388;1;72;"issuance after transaction";6349;"OWNER";721203;9672;"Olomouc";"north Moravia";226122;32;50;7;4;4;62.6;8994;110;9208;3.8;4.79;35772.5;25675.0;0.0;931025;7;"M"
5130;813;940511;24312;12;2026;1;16;"monthly issuance";976;"OWNER";556119;1874;"Jindrichuv Hradec";"south Bohemia";93931;74;21;10;1;8;56.9;8427;107;1913;1.12;1.54;12953.774999999998;11174.912500000002;0.0;930210;16;"F"
5568;2933;940517;272520;60;4542;1;10;"monthly issuance";3542;"OWNER";390902;3810;"Praha - vychod";"central Bohemia";92084;55;29;4;3;5;46.7;10124;141;4316;0.56;0.54;38974.63333333333;36473.783333333326;5907.0;930618;11;"M"
5568;2933;940517;272520;60;4542;1;10;"monthly issuance";3543;"DISPONENT";415819;3810;"Praha - vychod";"central Bohemia";92084;55;29;4;3;5;46.7;10124;141;4316;0.56;0.54;38974.63333333333;36473.783333333326;5907.0;930618;11;"F"
6678;8173;940520;80340;12;6695;1;11;"monthly issuance";10095;"OWNER";765206;3475;"Praha - zapad";"central Bohemia";75637;35;36;9;0;7;36.5;9622;154;3529;0.45;0.59;40613.24545454545;32491.181818181813;0.0;930705;10;"F"
6678;8173;940520;80340;12;6695;1;11;"monthly issuance";10096;"DISPONENT";780105;3475;"Praha - zapad";"central Bohemia";75637;35;36;9;0;7;36.5;9622;154;3529;0.45;0.59;40613.24545454545;32491.181818181813;0.0;930705;10;"M"
6998;9833;940521;97632;12;8136;1;20;"monthly issuance";12102;"OWNER";685907;1563;"Strakonice";"south Bohemia";70646;94;14;3;1;4;58.4;8547;120;1542;2.65;3.64;46842.200000000004;43084.90909090909;6531.0;930724;10;"F"
6580;7769;940522;196080;48;4085;1;23;"monthly issuance";9611;"OWNER";580527;2879;"Cheb";"west Bohemia";87419;21;11;4;3;9;85.5;8624;102;3198;1.79;2.66;36191.549999999996;25334.375000000004;0.0;931003;7;"M"
6316;6473;940526;76908;12;6409;-1;12;"monthly issuance";7815;"OWNER";465119;3804;"Pribram";"central Bohemia";107870;84;29;6;1;6;58.0;8754;137;3868;3.83;4.31;39223.394117647054;38347.59999999999;0.0;930126;17;"F"
6512;7454;940526;63312;48;1319;1;4;"monthly issuance";9236;"OWNER";565507;5244;"Kladno";"central Bohemia";149893;63;29;6;2;6;67.4;9753;109;5892;4.64;5.05;6909.800000000001;4870.271428571427;2306.0;930419;14;"F"
6407;6930;940526;25944;24;1081;1;41;"monthly issuance";8366;"OWNER";605521;6445;"Usti nad Labem";"north Bohemia";118650;8;8;5;1;3;85.6;9832;114;5471;3.32;4.48;25859.711111111115;18148.711111111115;0.0;930908;8;"F"
5002;173;940531;104808;12;8734;1;66;"monthly issuance";210;"OWNER";391130;2247;"Zdar nad Sazavou";"south Moravia";125832;151;41;2;3;5;48.3;8512;102;2103;3.51;4.12;16235.142857142857;12232.942857142858;6256.0;931126;6;"M"
5002;173;940531;104808;12;8734;1;66;"monthly issuance";211;"DISPONENT";455628;2247;"Zdar nad Sazavou";"south Moravia";125832;151;41;2;3;5;48.3;8512;102;2103;3.51;4.12;16235.142857142857;12232.942857142858;6256.0;931126;6;"F"
6647;8051;940601;208320;48;4340;1;1;"weekly issuance";9945;"OWNER";685414;85677;"Hl.m. Praha";"Prague";1204953;0;0;0;1;1;100.0;12541;167;99107;0.29;0.43;26440.95;23679.5;0.0;930207;17;"F"
6647;8051;940601;208320;48;4340;1;1;"weekly issuance";9946;"DISPONENT";600420;85677;"Hl.m. Praha";"Prague";1204953;0;0;0;1;1;100.0;12541;167;99107;0.29;0.43;26440.95;23679.5;0.0;930207;17;"M"
7137;10439;940603;151560;24;6315;1;66;"monthly issuance";12843;"OWNER";530505;2247;"Zdar nad Sazavou";"south Moravia";125832;151;41;2;3;5;48.3;8512;102;2103;3.51;4.12;30969.9125;28304.525;10134.0;931121;7;"M"
6903;9337;940604;52128;24;2172;1;30;"monthly issuance";11497;"OWNER";595717;2985;"Sokolov";"west Bohemia";94812;15;13;8;2;10;81.8;9650;100;2804;3.38;3.67;27060.966666666664;20522.644444444442;0.0;930913;9;"F"
5918;4576;940604;300204;36;8339;1;27;"monthly issuance";5517;"OWNER";640313;1029;"Plzen - jih";"west Bohemia";67298;71;19;10;0;7;43.8;8561;110;1127;0.65;1.29;20874.133333333335;18046.4;5400.0;930605;12;"M"
6642;8027;940605;77640;12;6470;1;44;"weekly issuance";9915;"OWNER";670710;2166;"Chrudim";"east Bohemia";105606;77;26;7;2;7;53.0;8254;97;2325;2.79;3.76;34423.90833333334;31855.083333333332;0.0;930707;11;"M"
6210;5927;940606;87216;48;1817;-1;15;"monthly issuance";7166;"OWNER";640513;1845;"Cesky Krumlov";"south Bohemia";58796;22;16;7;1;5;51.9;9045;124;1879;3.13;3.6;11075.471428571429;7976.742857142856;4000.0;931126;7;"M"
6279;6273;940607;87360;24;3640;1;38;"monthly issuance";7576;"OWNER";620710;2653;"Louny";"north Bohemia";85852;41;23;4;2;4;59.8;8965;104;2822;7.08;8.23;12428.472727272729;9786.836363636365;0.0;930721;11;"M"
7249;11065;940612;69360;48;1445;1;11;"monthly issuance";13603;"OWNER";410728;3475;"Praha - zapad";"central Bohemia";75637;35;36;9;0;7;36.5;9622;154;3529;0.45;0.59;12781.943750000002;10365.375000000002;0.0;930319;16;"M"
6736;8558;940614;288360;60;4806;1;1;"issuance after transaction";10555;"OWNER";351215;85677;"Hl.m. Praha";"Prague";1204953;0;0;0;1;1;100.0;12541;167;99107;0.29;0.43;16162.599999999999;5300.0;0.0;940227;5;"M"
6112;5442;940617;174744;24;7281;-1;34;"monthly issuance";6567;"OWNER";786121;5323;"Chomutov";"north Bohemia";125236;28;11;1;4;5;87.7;9675;100;5190;6.43;7.68;27414.21875;26981.037499999995;8110.0;930322;16;"F"
5319;1811;940623;239460;60;3991;1;40;"monthly issuance";2195;"OWNER";425913;6949;"Teplice";"north Bohemia";128118;9;16;6;3;8;85.3;9317;97;6872;6.49;7.07;24098.29;20474.24;4206.0;930922;9;"F"
6596;7844;940625;91584;24;3816;1;1;"monthly issuance";9702;"OWNER";516116;85677;"Hl.m. Praha";"Prague";1204953;0;0;0;1;1;100.0;12541;167;99107;0.29;0.43;32183.15;25952.775;0.0;931126;7;"F"
5837;4260;940629;244560;60;4076;1;56;"monthly issuance";5134;"OWNER";675719;2854;"Breclav";"south Moravia";124605;11;42;14;1;8;46.0;8772;126;3158;4.69;4.98;24912.32222222222;22542.75555555556;12006.0;931014;8;"F"
5657;3354;940705;4980;12;415;1;63;"monthly issuance";4056;"OWNER";525726;1562;"Vyskov";"south Moravia";86513;38;36;5;1;5;50.5;8288;110;1460;3.79;4.52;11299.755555555555;8799.71111111111;489.0;931105;8;"F"
5533;2762;940705;111384;24;4641;1;19;"monthly issuance";3335;"OWNER";670210;999;"Prachatice";"south Bohemia";51428;50;11;3;1;4;52.7;8402;120;1099;3.13;3.98;62003.60000000001;58926.02352941175;6892.0;930320;17;"M"
6232;6051;940708;276660;36;7685;-1;56;"monthly issuance";7311;"OWNER";490518;2854;"Breclav";"south Moravia";124605;11;42;14;1;8;46.0;8772;126;3158;4.69;4.98;9280.916666666668;7632.3;2400.0;930828;11;"M"
6888;9265;940711;39576;12;3298;1;1;"monthly issuance";11409;"OWNER";805502;85677;"Hl.m. Praha";"Prague";1204953;0;0;0;1;1;100.0;12541;167;99107;0.29;0.43;27098.855555555554;25771.011111111107;9493.0;930204;18;"F"
6066;5228;940711;173808;24;7242;1;77;"issuance after transaction";6317;"OWNER";575127;3460;"Vsetin";"north Moravia";148545;8;35;12;3;4;53.5;8909;113;3590;4.01;5.56;49970.56428571429;43225.42857142857;0.0;930623;13;"F"
6066;5228;940711;173808;24;7242;1;77;"issuance after transaction";6318;"DISPONENT";500305;3460;"Vsetin";"north Moravia";148545;8;35;12;3;4;53.5;8909;113;3590;4.01;5.56;49970.56428571429;43225.42857142857;0.0;930623;13;"M"
5549;2824;940716;50460;60;841;1;11;"monthly issuance";3414;"OWNER";476017;3475;"Praha - zapad";"central Bohemia";75637;35;36;9;0;7;36.5;9622;154;3529;0.45;0.59;15821.439999999999;11668.34;7289.0;931020;9;"F"
5060;426;940719;252060;60;4201;-1;1;"monthly issuance";512;"OWNER";655803;85677;"Hl.m. Praha";"Prague";1204953;0;0;0;1;1;100.0;12541;167;99107;0.29;0.43;43290.5;35502.0;7497.0;931129;8;"F"
6004;4937;940723;143904;24;5996;1;12;"monthly issuance";5965;"OWNER";510410;3804;"Pribram";"central Bohemia";107870;84;29;6;1;6;58.0;8754;137;3868;3.83;4.31;36564.961111111115;34435.16666666666;2687.0;930220;18;"M"
5126;790;940724;208128;48;4336;-1;54;"monthly issuance";946;"OWNER";510806;18721;"Brno - mesto";"south Moravia";387570;0;0;0;1;1;100.0;9897;140;18696;1.6;1.96;22859.09333333333;17427.453333333335;0.0;930511;15;"M"
7220;10911;940728;131292;36;3647;1;1;"weekly issuance";13412;"OWNER";540320;85677;"Hl.m. Praha";"Prague";1204953;0;0;0;1;1;100.0;12541;167;99107;0.29;0.43;22945.16;20854.4;7312.0;930529;15;"M"
6668;8129;940730;74736;36;2076;1;45;"monthly issuance";10043;"OWNER";651029;2080;"Jicin";"east Bohemia";77917;85;19;6;1;5;53.5;8390;132;2122;2.28;2.89;20789.478571428575;18414.914285714287;6184.0;930626;14;"M"
5395;2176;940730;299088;36;8308;-1;67;"monthly issuance";2635;"OWNER";666210;3244;"Bruntal";"north Moravia";106054;38;25;6;2;6;63.1;8110;109;3079;5.77;6.55;58054.23571428571;56665.04285714285;1085.0;930606;14;"F"
6836;9093;940803;189300;60;3155;1;47;"monthly issuance";11195;"OWNER";531205;6079;"Pardubice";"east Bohemia";162580;83;26;5;1;6;72.8;9538;111;5410;1.51;1.81;19508.242857142854;17754.528571428575;1311.0;930616;15;"M"
6064;5215;940804;14628;12;1219;1;55;"monthly issuance";6301;"OWNER";495308;3659;"Brno - venkov";"south Moravia";157042;49;70;18;0;9;33.9;8743;111;3894;1.88;2.43;17399.707692307693;14714.876923076925;2.0;930701;14;"F"
6919;9403;940805;120888;36;3358;1;1;"weekly issuance";11574;"OWNER";445420;85677;"Hl.m. Praha";"Prague";1204953;0;0;0;1;1;100.0;12541;167;99107;0.29;0.43;26247.755555555555;23358.055555555555;3225.0;930327;18;"F"
6841;9104;940807;172080;48;3585;1;10;"monthly issuance";11208;"OWNER";575305;3810;"Praha - vychod";"central Bohemia";92084;55;29;4;3;5;46.7;10124;141;4316;0.56;0.54;38264.12857142858;29948.485714285714;0.0;940121;8;"F"
6038;5120;940810;323472;48;6739;1;1;"monthly issuance";6178;"OWNER";406015;85677;"Hl.m. Praha";"Prague";1204953;0;0;0;1;1;100.0;12541;167;99107;0.29;0.43;27758.378571428573;22816.971428571433;3008.0;930621;15;"F"
6729;8519;940811;74688;12;6224;1;23;"monthly issuance";10510;"OWNER";455126;2879;"Cheb";"west Bohemia";87419;21;11;4;3;9;85.5;8624;102;3198;1.79;2.66;38902.96470588235;37201.01176470587;13711.0;930402;17;"F"
6729;8519;940811;74688;12;6224;1;23;"monthly issuance";10511;"DISPONENT";500115;2879;"Cheb";"west Bohemia";87419;21;11;4;3;9;85.5;8624;102;3198;1.79;2.66;38902.96470588235;37201.01176470587;13711.0;930402;17;"M"
7198;10788;940823;45768;12;3814;1;67;"weekly issuance";13260;"OWNER";775527;3244;"Bruntal";"north Moravia";106054;38;25;6;2;6;63.1;8110;109;3079;5.77;6.55;10342.759999999998;4900.0;0.0;931122;9;"F"
6686;8260;940825;224604;36;6239;1;31;"monthly issuance";10198;"OWNER";760524;1328;"Tachov";"west Bohemia";51313;34;12;3;1;4;59.2;8930;108;1452;3.52;4.2;38675.08333333334;36436.899999999994;0.0;930324;18;"M"
6686;8260;940825;224604;36;6239;1;31;"monthly issuance";10199;"DISPONENT";795813;1328;"Tachov";"west Bohemia";51313;34;12;3;1;4;59.2;8930;108;1452;3.52;4.2;38675.08333333334;36436.899999999994;0.0;930324;18;"F"
5836;4259;940827;79632;24;3318;1;66;"monthly issuance";5133;"OWNER";595810;2247;"Zdar nad Sazavou";"south Moravia";125832;151;41;2;3;5;48.3;8512;102;2103;3.51;4.12;48892.5;30943.2;9516.0;940408;5;"F"
7061;10105;940827;121896;24;5079;1;55;"monthly issuance";12432;"OWNER";650307;3659;"Brno - venkov";"south Moravia";157042;49;70;18;0;9;33.9;8743;111;3894;1.88;2.43;37421.74117647059;34956.02352941177;0.0;930428;17;"M"
5595;3050;940902;82896;12;6908;1;60;"monthly issuance";3687;"OWNER";720206;1879;"Prostejov";"south Moravia";110643;49;41;4;1;4;51.9;8441;115;2252;3.45;4.48;43893.725;40888.34999999999;9716.0;930508;17;"M"
5595;3050;940902;82896;12;6908;1;60;"monthly issuance";3688;"DISPONENT";755502;1879;"Prostejov";"south Moravia";110643;49;41;4;1;4;51.9;8441;115;2252;3.45;4.48;43893.725;40888.34999999999;9716.0;930508;17;"F"
5723;3674;940910;23628;12;1969;1;38;"monthly issuance";4428;"OWNER";540309;2653;"Louny";"north Bohemia";85852;41;23;4;2;4;59.8;8965;104;2822;7.08;8.23;30390.010526315793;27016.51578947368;9503.0;930312;19;"M"
6120;5481;940911;209184;48;4358;1;52;"monthly issuance";6616;"OWNER";530618;2564;"Usti nad Orlici";"east Bohemia";139012;59;41;8;3;10;61.9;8363;108;2799;2.52;3.49;36644.75714285715;33483.7;0.0;930816;14;"M"
6895;9307;940919;41904;12;3492;1;68;"monthly issuance";11461;"OWNER";740708;5623;"Frydek - Mistek";"north Moravia";228848;15;40;18;2;6;57.2;9893;96;5887;4.09;4.72;18064.239999999998;16777.57;4654.0;930124;21;"M"
5882;4427;940926;87816;12;7318;1;32;"monthly issuance";5337;"OWNER";610502;4340;"Ceska Lipa";"north Bohemia";105058;32;19;7;2;10;81.0;9272;118;4505;2.8;3.22;12404.162499999997;11425.062500000002;5005.0;930607;16;"M"
5882;4427;940926;87816;12;7318;1;32;"monthly issuance";5338;"DISPONENT";665525;4340;"Ceska Lipa";"north Bohemia";105058;32;19;7;2;10;81.0;9272;118;4505;2.8;3.22;12404.162499999997;11425.062500000002;5005.0;930607;16;"F"
5754;3834;940928;23052;12;1921;1;54;"monthly issuance";4620;"OWNER";406101;18721;"Brno - mesto";"south Moravia";387570;0;0;0;1;1;100.0;9897;140;18696;1.6;1.96;15411.085714285717;14052.428571428574;3114.0;930119;22;"F"
5754;3834;940928;23052;12;1921;1;54;"monthly issuance";4621;"DISPONENT";460210;18721;"Brno - mesto";"south Moravia";387570;0;0;0;1;1;100.0;9897;140;18696;1.6;1.96;15411.085714285717;14052.428571428574;3114.0;930119;22;"M"
6594;7824;940928;189696;24;7904;-1;60;"monthly issuance";9675;"OWNER";705219;1879;"Prostejov";"south Moravia";110643;49;41;4;1;4;51.9;8441;115;2252;3.45;4.48;4500.0;0.0;0.0;940517;5;"F"
6738;8566;940929;230220;36;6395;-1;74;"monthly issuance";10566;"OWNER";426109;18782;"Ostrava - mesto";"north Moravia";323870;0;0;0;1;1;100.0;10673;100;18347;4.75;5.44;24825.483333333337;24298.341666666664;555.0;931008;12;"F"
6624;7965;940930;71460;12;5955;1;55;"monthly issuance";9844;"OWNER";450803;3659;"Brno - venkov";"south Moravia";157042;49;70;18;0;9;33.9;8743;111;3894;1.88;2.43;23879.954545454544;16905.30909090909;7268.0;931108;11;"M"
6624;7965;940930;71460;12;5955;1;55;"monthly issuance";9845;"DISPONENT";435615;3659;"Brno - venkov";"south Moravia";157042;49;70;18;0;9;33.9;8743;111;3894;1.88;2.43;23879.954545454544;16905.30909090909;7268.0;931108;11;"F"
6216;5952;940930;141240;24;5885;1;50;"monthly issuance";7195;"OWNER";620911;2123;"Svitavy";"east Bohemia";102609;75;33;2;3;6;52.0;8187;94;2134;4.83;5.45;38419.11538461539;34890.52307692307;3028.0;930907;13;"M"
6229;6040;941002;11736;24;489;1;1;"monthly issuance";7299;"OWNER";380916;85677;"Hl.m. Praha";"Prague";1204953;0;0;0;1;1;100.0;12541;167;99107;0.29;0.43;21825.073684210525;20404.831578947364;2635.0;930422;19;"M"
5887;4448;941003;192744;36;5354;1;60;"monthly issuance";5366;"OWNER";715920;1879;"Prostejov";"south Moravia";110643;49;41;4;1;4;51.9;8441;115;2252;3.45;4.48;19061.131250000002;17247.437500000004;0.0;930602;17;"F"
5887;4448;941003;192744;36;5354;1;60;"monthly issuance";5367;"DISPONENT";790606;1879;"Prostejov";"south Moravia";110643;49;41;4;1;4;51.9;8441;115;2252;3.45;4.48;19061.131250000002;17247.437500000004;0.0;930602;17;"M"
6808;8982;941012;227880;36;6330;1;64;"monthly issuance";11063;"OWNER";556104;4484;"Zlin";"south Moravia";197099;29;41;10;2;10;74.7;9624;145;4265;1.6;2.31;26097.521428571425;22260.614285714288;0.0;930925;13;"F"
6808;8982;941012;227880;36;6330;1;64;"monthly issuance";11064;"DISPONENT";530709;4484;"Zlin";"south Moravia";197099;29;41;10;2;10;74.7;9624;145;4265;1.6;2.31;26097.521428571425;22260.614285714288;0.0;930925;13;"M"
6297;6363;941025;17508;12;1459;1;74;"monthly issuance";7683;"OWNER";460401;18782;"Ostrava - mesto";"north Moravia";323870;0;0;0;1;1;100.0;10673;100;18347;4.75;5.44;13223.54;10021.733333333335;0.0;930801;15;"M"
5161;1012;941028;98184;24;4091;1;65;"monthly issuance";1216;"OWNER";455612;2157;"Znojmo";"south Moravia";114200;101;41;4;1;4;43.7;8403;105;2718;5.74;5.72;24914.05;7675.0;0.0;940709;4;"F"
5390;2167;941030;170256;24;7094;1;16;"monthly issuance";2623;"OWNER";655716;1874;"Jindrichuv Hradec";"south Bohemia";93931;74;21;10;1;8;56.9;8427;107;1913;1.12;1.54;24772.953333333335;21886.093333333334;5922.0;930808;15;"F"
6150;5622;941102;83016;12;6918;1;70;"monthly issuance";6789;"OWNER";790326;9878;"Karvina";"north Moravia";285387;0;2;8;5;7;89.9;10177;81;10108;6.63;7.75;64206.157142857126;60996.37142857143;6327.0;930208;23;"M"
6223;5991;941103;61056;48;1272;1;1;"monthly issuance";7241;"OWNER";575906;85677;"Hl.m. Praha";"Prague";1204953;0;0;0;1;1;100.0;12541;167;99107;0.29;0.43;16453.791666666664;13660.016666666668;1978.0;931121;12;"F"
5032;290;941103;123696;48;2577;1;56;"monthly issuance";352;"OWNER";400827;2854;"Breclav";"south Moravia";124605;11;42;14;1;8;46.0;8772;126;3158;4.69;4.98;25969.70909090909;23679.96363636364;2653.0;931202;11;"M"
6253;6148;941104;59760;24;2490;1;74;"monthly issuance";7422;"OWNER";581126;18782;"Ostrava - mesto";"north Moravia";323870;0;0;0;1;1;100.0;10673;100;18347;4.75;5.44;22230.52727272727;18491.145454545458;7847.0;931227;11;"M"
6253;6148;941104;59760;24;2490;1;74;"monthly issuance";7423;"DISPONENT";645908;18782;"Ostrava - mesto";"north Moravia";323870;0;0;0;1;1;100.0;10673;100;18347;4.75;5.44;22230.52727272727;18491.145454545458;7847.0;931227;11;"F"
6460;7133;941106;48672;36;1352;1;1;"monthly issuance";8610;"OWNER";485502;85677;"Hl.m. Praha";"Prague";1204953;0;0;0;1;1;100.0;12541;167;99107;0.29;0.43;6290.25;4639.528571428571;2683.0;930917;15;"F"
6460;7133;941106;48672;36;1352;1;1;"monthly issuance";8611;"DISPONENT";481026;85677;"Hl.m. Praha";"Prague";1204953;0;0;0;1;1;100.0;12541;167;99107;0.29;0.43;6290.25;4639.528571428571;2683.0;930917;15;"M"
6645;8041;941106;140400;36;3900;1;1;"monthly issuance";9933;"OWNER";411015;85677;"Hl.m. Praha";"Prague";1204953;0;0;0;1;1;100.0;12541;167;99107;0.29;0.43;18674.621428571427;16655.214285714286;0.0;931010;14;"M"
5176;1106;941112;192552;24;8023;-1;20;"weekly issuance";1327;"OWNER";636231;1563;"Strakonice";"south Bohemia";70646;94;14;3;1;4;58.4;8547;120;1542;2.65;3.64;10557.360000000002;9075.666666666666;0.0;930829;16;"F"
5269;1527;941119;164052;36;4557;-1;31;"issuance after transaction";1851;"OWNER";755912;1328;"Tachov";"west Bohemia";51313;34;12;3;1;4;59.2;8930;108;1452;3.52;4.2;30323.59230769231;28722.723076923077;0.0;931117;13;"F"
5351;1978;941204;205200;36;5700;1;57;"weekly issuance";2403;"OWNER";635125;3729;"Hodonin";"south Moravia";161954;21;37;20;3;8;48.0;8720;116;3651;3.73;4.5;32818.110526315795;29945.157894736843;7001.0;930611;19;"F"
5861;4337;941208;51408;24;2142;1;29;"monthly issuance";5224;"OWNER";490724;818;"Rokycany";"west Bohemia";45714;52;10;5;1;6;55.6;8843;113;888;2.82;3.6;34903.515384615384;31118.984615384616;0.0;931116;14;"M"
5450;2345;941211;199680;60;3328;1;5;"monthly issuance";2834;"OWNER";490523;2616;"Kolin";"central Bohemia";95616;65;30;4;1;6;51.4;9307;118;3040;3.85;4.43;20145.899999999998;18722.74285714286;3612.0;931025;15;"M"
7142;10451;941219;482940;60;8049;-1;1;"monthly issuance";12859;"OWNER";765521;85677;"Hl.m. Praha";"Prague";1204953;0;0;0;1;1;100.0;12541;167;99107;0.29;0.43;16068.464705882354;14983.800000000003;2439.0;930829;17;"F"
6306;6425;941220;36684;12;3057;1;31;"monthly issuance";7753;"OWNER";785923;1328;"Tachov";"west Bohemia";51313;34;12;3;1;4;59.2;8930;108;1452;3.52;4.2;14344.854545454542;12749.709090909093;4800.0;930329;22;"F"
6272;6226;941220;398640;60;6644;1;74;"weekly issuance";7521;"OWNER";605209;18782;"Ostrava - mesto";"north Moravia";323870;0;0;0;1;1;100.0;10673;100;18347;4.75;5.44;41190.87777777777;37895.5;0.0;930726;18;"F"
5044;344;941221;100980;60;1683;1;54;"monthly issuance";421;"OWNER";650731;18721;"Brno - mesto";"south Moravia";387570;0;0;0;1;1;100.0;9897;140;18696;1.6;1.96;15977.353846153846;12351.369230769233;4739.0;931201;13;"M"
5576;2962;941221;31248;12;2604;1;1;"monthly issuance";3576;"OWNER";395315;85677;"Hl.m. Praha";"Prague";1204953;0;0;0;1;1;100.0;12541;167;99107;0.29;0.43;42884.439999999995;40188.31;0.0;930530;20;"F"
7192;10738;941221;115992;36;3222;1;45;"weekly issuance";13201;"OWNER";370517;2080;"Jicin";"east Bohemia";77917;85;19;6;1;5;53.5;8390;132;2122;2.28;2.89;19021.30952380953;18560.85714285714;186.0;930417;22;"M"
5739;3747;950102;76380;12;6365;1;1;"monthly issuance";4520;"OWNER";575628;85677;"Hl.m. Praha";"Prague";1204953;0;0;0;1;1;100.0;12541;167;99107;0.29;0.43;11492.400000000001;8597.8;2389.0;940501;8;"F"
6526;7523;950103;288468;36;8013;1;63;"monthly issuance";9316;"OWNER";586026;1562;"Vyskov";"south Moravia";86513;38;36;5;1;5;50.5;8288;110;1460;3.79;4.52;19168.1;9400.0;0.0;940829;4;"F"
5624;3166;950103;177744;48;3703;-1;71;"monthly issuance";3829;"OWNER";720313;4980;"Novy Jicin";"north Moravia";161227;5;35;11;4;10;69.7;8678;102;4595;5.93;5.57;18146.805555555555;17356.216666666667;0.0;930810;17;"M"
6244;6118;950108;270648;36;7518;-1;1;"weekly issuance";7390;"OWNER";371104;85677;"Hl.m. Praha";"Prague";1204953;0;0;0;1;1;100.0;12541;167;99107;0.29;0.43;44727.87272727272;40091.818181818184;4400.0;940307;10;"M"
5131;816;950108;48624;24;2026;1;52;"monthly issuance";980;"OWNER";610930;2564;"Usti nad Orlici";"east Bohemia";139012;59;41;8;3;10;61.9;8363;108;2799;2.52;3.49;40920.72222222222;38254.399999999994;4514.0;930805;17;"M"
6960;9640;950111;76416;24;3184;1;1;"monthly issuance";11866;"OWNER";370902;85677;"Hl.m. Praha";"Prague";1204953;0;0;0;1;1;100.0;12541;167;99107;0.29;0.43;21977.078260869566;21443.90434782608;10597.0;930313;22;"M"
6960;9640;950111;76416;24;3184;1;1;"monthly issuance";11867;"DISPONENT";346119;85677;"Hl.m. Praha";"Prague";1204953;0;0;0;1;1;100.0;12541;167;99107;0.29;0.43;21977.078260869566;21443.90434782608;10597.0;930313;22;"F"
6358;6715;950114;137880;60;2298;-1;48;"weekly issuance";8105;"OWNER";630312;1655;"Rychnov nad Kneznou";"east Bohemia";78955;50;24;8;1;9;59.0;9060;124;1717;1.78;2.44;16356.052941176473;15181.529411764706;0.0;930915;16;"M"
5418;2245;950116;347952;48;7249;1;29;"monthly issuance";2719;"OWNER";646030;818;"Rokycany";"west Bohemia";45714;52;10;5;1;6;55.6;8843;113;888;2.82;3.6;36315.608695652176;33813.582608695644;0.0;930330;22;"F"
6598;7857;950118;68112;12;5676;1;75;"monthly issuance";9715;"OWNER";776130;4063;"Prerov";"north Moravia";138032;67;30;4;2;5;64.6;8819;99;4505;5.38;5.66;41513.672222222216;39323.877777777765;8157.0;930804;17;"F"
5464;2419;950130;95808;12;7984;1;24;"monthly issuance";2922;"OWNER";400907;5198;"Karlovy Vary";"west Bohemia";122603;25;21;6;2;8;80.0;8991;128;5273;1.39;2.01;50592.76666666667;45759.399999999994;0.0;931127;13;"M"
6591;7819;950202;20832;48;434;1;38;"monthly issuance";9670;"OWNER";480504;2653;"Louny";"north Bohemia";85852;41;23;4;2;4;59.8;8965;104;2822;7.08;8.23;10978.66111111111;9985.744444444448;1953.0;930801;18;"M"
5724;3678;950205;316140;60;5269;-1;1;"monthly issuance";4433;"OWNER";680222;85677;"Hl.m. Praha";"Prague";1204953;0;0;0;1;1;100.0;12541;167;99107;0.29;0.43;11978.9;11421.86086956522;5800.0;930324;23;"M"
6315;6472;950206;43164;12;3597;1;61;"monthly issuance";7814;"OWNER";765106;2112;"Trebic";"south Moravia";117897;139;28;5;1;6;53.8;8814;107;2059;4.76;5.74;38859.223076923074;36447.67692307692;0.0;940208;12;"F"
5876;4413;950208;221280;48;4610;1;74;"weekly issuance";5318;"OWNER";680328;18782;"Ostrava - mesto";"north Moravia";323870;0;0;0;1;1;100.0;10673;100;18347;4.75;5.44;33677.35384615384;31268.53846153846;7802.0;940115;14;"M"
5876;4413;950208;221280;48;4610;1;74;"weekly issuance";5319;"DISPONENT";645923;18782;"Ostrava - mesto";"north Moravia";323870;0;0;0;1;1;100.0;10673;100;18347;4.75;5.44;33677.35384615384;31268.53846153846;7802.0;940115;14;"F"
6986;9750;950211;151728;48;3161;-1;74;"monthly issuance";12003;"OWNER";760623;18782;"Ostrava - mesto";"north Moravia";323870;0;0;0;1;1;100.0;10673;100;18347;4.75;5.44;24949.97;22301.120000000003;0.0;940516;9;"M"
6294;6353;950212;79920;60;1332;1;26;"monthly issuance";7672;"OWNER";530405;6041;"Plzen - mesto";"west Bohemia";170449;0;0;0;1;1;100.0;10787;131;6261;2.64;3.09;23858.6;21904.125;586.0;931126;14;"M"
5132;817;950217;538500;60;8975;1;5;"monthly issuance";981;"OWNER";600628;2616;"Kolin";"central Bohemia";95616;65;30;4;1;6;51.4;9307;118;3040;3.85;4.43;21511.133333333335;19571.883333333335;4605.0;940318;11;"M"
5877;4414;950223;97224;24;4051;1;24;"monthly issuance";5320;"OWNER";515407;5198;"Karlovy Vary";"west Bohemia";122603;25;21;6;2;8;80.0;8991;128;5273;1.39;2.01;12793.322222222223;11711.122222222224;3716.0;930910;17;"F"
5877;4414;950223;97224;24;4051;1;24;"monthly issuance";5321;"DISPONENT";500201;5198;"Karlovy Vary";"west Bohemia";122603;25;21;6;2;8;80.0;8991;128;5273;1.39;2.01;12793.322222222223;11711.122222222224;3716.0;930910;17;"M"
6227;6030;950304;28248;24;1177;1;47;"monthly issuance";7286;"OWNER";705210;6079;"Pardubice";"east Bohemia";162580;83;26;5;1;6;72.8;9538;111;5410;1.51;1.81;20953.34736842105;19178.126315789472;0.0;930824;19;"F"
7241;11021;950304;168984;24;7041;-1;1;"monthly issuance";13548;"OWNER";760318;85677;"Hl.m. Praha";"Prague";1204953;0;0;0;1;1;100.0;12541;167;99107;0.29;0.43;46037.155;44821.93999999999;0.0;930810;19;"M"
6737;8564;950311;76680;24;3195;1;68;"monthly issuance";10563;"OWNER";490107;5623;"Frydek - Mistek";"north Moravia";228848;15;40;18;2;6;57.2;9893;96;5887;4.09;4.72;37886.173684210524;36455.04210526315;7170.0;930912;18;"M"
6737;8564;950311;76680;24;3195;1;68;"monthly issuance";10564;"DISPONENT";545319;5623;"Frydek - Mistek";"north Moravia";228848;15;40;18;2;6;57.2;9893;96;5887;4.09;4.72;37886.173684210524;36455.04210526315;7170.0;930912;18;"F"
7004;9869;950315;331560;60;5526;1;12;"monthly issuance";12144;"OWNER";801123;3804;"Pribram";"central Bohemia";107870;84;29;6;1;6;58.0;8754;137;3868;3.83;4.31;22981.319999999996;20581.719999999994;5887.0;930821;19;"M"
7004;9869;950315;331560;60;5526;1;12;"monthly issuance";12145;"DISPONENT";825625;3804;"Pribram";"central Bohemia";107870;84;29;6;1;6;58.0;8754;137;3868;3.83;4.31;22981.319999999996;20581.719999999994;5887.0;930821;19;"F"
6169;5700;950316;103680;60;1728;-1;42;"monthly issuance";6895;"OWNER";710624;1658;"Havlickuv Brod";"east Bohemia";95907;87;25;5;2;7;59.1;8388;87;1668;2.41;2.94;10831.74761904762;9392.333333333336;0.0;930720;20;"M"
5208;1247;950316;99696;48;2077;-1;25;"monthly issuance";1505;"OWNER";715625;1822;"Klatovy";"west Bohemia";88757;60;33;3;2;10;61.7;8554;113;2218;2.47;2.68;30913.790476190476;29343.933333333327;0.0;930608;21;"F"
6694;8316;950319;134784;24;5616;1;70;"monthly issuance";10269;"OWNER";405511;9878;"Karvina";"north Moravia";285387;0;2;8;5;7;89.9;10177;81;10108;6.63;7.75;26467.43;24845.56;0.0;940604;9;"F"
5599;3064;950321;15420;12;1285;1;40;"monthly issuance";3705;"OWNER";655604;6949;"Teplice";"north Bohemia";128118;9;16;6;3;8;85.3;9317;97;6872;6.49;7.07;11007.330434782607;9621.79130434783;1455.0;930523;22;"F"
6546;7607;950327;31728;24;1322;1;1;"monthly issuance";9418;"OWNER";500410;85677;"Hl.m. Praha";"Prague";1204953;0;0;0;1;1;100.0;12541;167;99107;0.29;0.43;16790.910526315787;15064.442105263159;6020.0;930905;18;"M"
6546;7607;950327;31728;24;1322;1;1;"monthly issuance";9419;"DISPONENT";506109;85677;"Hl.m. Praha";"Prague";1204953;0;0;0;1;1;100.0;12541;167;99107;0.29;0.43;16790.910526315787;15064.442105263159;6020.0;930905;18;"F"
5414;2228;950329;185952;48;3874;1;34;"monthly issuance";2700;"OWNER";450222;5323;"Chomutov";"north Bohemia";125236;28;11;1;4;5;87.7;9675;100;5190;6.43;7.68;10704.675000000001;5800.0;0.0;940319;13;"M"
5453;2361;950401;156672;36;4352;1;28;"monthly issuance";2853;"OWNER";565425;1580;"Plzen - sever";"west Bohemia";72541;66;26;10;0;8;36.9;8594;112;1525;1.62;2.01;9706.207142857142;8043.957142857143;4613.0;940225;14;"F"
5740;3752;950402;18564;12;1547;1;1;"monthly issuance";4527;"OWNER";635204;85677;"Hl.m. Praha";"Prague";1204953;0;0;0;1;1;100.0;12541;167;99107;0.29;0.43;15493.14;6840.0;0.0;941125;4;"F"
5804;4079;950405;158976;48;3312;1;52;"monthly issuance";4916;"OWNER";390109;2564;"Usti nad Orlici";"east Bohemia";139012;59;41;8;3;10;61.9;8363;108;2799;2.52;3.49;39892.41176470588;38781.847058823514;5009.0;931103;17;"M"
6745;8625;950410;47304;24;1971;1;64;"monthly issuance";10636;"OWNER";710803;4484;"Zlin";"south Moravia";197099;29;41;10;2;10;74.7;9624;145;4265;1.6;2.31;66066.35555555555;62596.44444444443;8151.0;931110;17;"M"
6950;9591;950411;104712;24;4363;1;74;"monthly issuance";11804;"OWNER";441212;18782;"Ostrava - mesto";"north Moravia";323870;0;0;0;1;1;100.0;10673;100;18347;4.75;5.44;48125.85416666666;47217.466666666674;4146.0;930520;23;"M"
6996;9828;950413;126600;24;5275;1;11;"monthly issuance";12095;"OWNER";390227;3475;"Praha - zapad";"central Bohemia";75637;35;36;9;0;7;36.5;9622;154;3529;0.45;0.59;33145.98333333333;31115.949999999986;0.0;930520;23;"M"
5352;1993;950415;68400;12;5700;-1;68;"monthly issuance";2422;"OWNER";765609;5623;"Frydek - Mistek";"north Moravia";228848;15;40;18;2;6;57.2;9893;96;5887;4.09;4.72;10457.699999999999;6466.666666666667;0.0;941030;6;"F"
6151;5628;950425;225420;60;3757;1;61;"monthly issuance";6798;"OWNER";485803;2112;"Trebic";"south Moravia";117897;139;28;5;1;6;53.8;8814;107;2059;4.76;5.74;14112.40909090909;11166.636363636364;0.0;940617;10;"F"
5310;1762;950428;248148;36;6893;1;28;"monthly issuance";2136;"OWNER";405724;1580;"Plzen - sever";"west Bohemia";72541;66;26;10;0;8;36.9;8594;112;1525;1.62;2.01;20456.247058823526;18038.09411764706;853.0;931211;16;"F"
5045;347;950501;187224;24;7801;-1;65;"monthly issuance";424;"OWNER";471008;2157;"Znojmo";"south Moravia";114200;101;41;4;1;4;43.7;8403;105;2718;5.74;5.72;29537.858823529405;26547.729411764696;0.0;931213;17;"M"
6929;9472;950508;36396;12;3033;1;1;"weekly issuance";11662;"OWNER";720403;85677;"Hl.m. Praha";"Prague";1204953;0;0;0;1;1;100.0;12541;167;99107;0.29;0.43;41281.59565217391;39304.17391304348;5119.0;930706;22;"M"
5151;960;950524;189060;60;3151;1;4;"issuance after transaction";1157;"OWNER";586230;5244;"Kladno";"central Bohemia";149893;63;29;6;2;6;67.4;9753;109;5892;4.64;5.05;43139.2142857143;33289.857142857145;5940.0;941102;6;"F"
5212;1256;950529;71064;36;1974;1;38;"monthly issuance";1516;"OWNER";466017;2653;"Louny";"north Bohemia";85852;41;23;4;2;4;59.8;8965;104;2822;7.08;8.23;16160.407142857142;13917.77142857143;1178.0;940421;14;"F"
5138;854;950530;87216;48;1817;1;62;"monthly issuance";1029;"OWNER";545316;2719;"Uherske Hradiste";"south Moravia";145688;22;41;13;2;5;40.7;8544;109;2906;1.29;1.86;11070.919047619049;9794.952380952383;382.0;930921;20;"F"
5713;3629;950530;158760;60;2646;1;48;"monthly issuance";4377;"OWNER";780131;1655;"Rychnov nad Kneznou";"east Bohemia";78955;50;24;8;1;9;59.0;9060;124;1717;1.78;2.44;17212.2;16378.18260869565;1894.0;930727;22;"M"
6704;8377;950601;417060;60;6951;1;29;"monthly issuance";10350;"OWNER";615914;818;"Rokycany";"west Bohemia";45714;52;10;5;1;6;55.6;8843;113;888;2.82;3.6;22741.952631578944;18479.915789473685;1172.0;931120;19;"F"
6704;8377;950601;417060;60;6951;1;29;"monthly issuance";10351;"DISPONENT";581110;818;"Rokycany";"west Bohemia";45714;52;10;5;1;6;55.6;8843;113;888;2.82;3.6;22741.952631578944;18479.915789473685;1172.0;931120;19;"M"
6474;7190;950606;63360;60;1056;1;49;"monthly issuance";8677;"OWNER";550814;1660;"Semily";"east Bohemia";75685;31;28;5;1;9;60.8;8208;155;2123;1.89;2.26;9625.380952380952;8404.64761904762;5394.0;930906;21;"M"
6474;7190;950606;63360;60;1056;1;49;"monthly issuance";8678;"DISPONENT";625712;1660;"Semily";"east Bohemia";75685;31;28;5;1;9;60.8;8208;155;2123;1.89;2.26;9625.380952380952;8404.64761904762;5394.0;930906;21;"F"
6676;8159;950613;29784;24;1241;1;26;"monthly issuance";10076;"OWNER";696225;6041;"Plzen - mesto";"west Bohemia";170449;0;0;0;1;1;100.0;10787;131;6261;2.64;3.09;12124.04;4540.0;0.0;950208;5;"F"
6676;8159;950613;29784;24;1241;1;26;"monthly issuance";10077;"DISPONENT";730627;6041;"Plzen - mesto";"west Bohemia";170449;0;0;0;1;1;100.0;10787;131;6261;2.64;3.09;12124.04;4540.0;0.0;950208;5;"M"
6965;9656;950613;139536;24;5814;1;61;"monthly issuance";11886;"OWNER";415913;2112;"Trebic";"south Moravia";117897;139;28;5;1;6;53.8;8814;107;2059;4.76;5.74;60535.86;58712.21;10721.0;931114;19;"F"
6725;8489;950623;265320;36;7370;1;19;"monthly issuance";10475;"OWNER";485828;999;"Prachatice";"south Bohemia";51428;50;11;3;1;4;52.7;8402;120;1099;3.13;3.98;18738.13181818182;17134.027272727268;3835.0;930918;21;"F"
6725;8489;950623;265320;36;7370;1;19;"monthly issuance";10476;"DISPONENT";501204;999;"Prachatice";"south Bohemia";51428;50;11;3;1;4;52.7;8402;120;1099;3.13;3.98;18738.13181818182;17134.027272727268;3835.0;930918;21;"M"
7166;10630;950624;198240;24;8260;1;41;"monthly issuance";13071;"OWNER";560218;6445;"Usti nad Labem";"north Bohemia";118650;8;8;5;1;3;85.6;9832;114;5471;3.32;4.48;13007.866666666667;7117.166666666667;7303.0;950115;6;"M"
7138;10440;950703;60000;60;1000;1;72;"monthly issuance";12844;"OWNER";461015;9672;"Olomouc";"north Moravia";226122;32;50;7;4;4;62.6;8994;110;9208;3.8;4.79;8378.93181818182;7611.736363636365;2960.0;930913;22;"M"
5970;4774;950709;465072;48;9689;1;66;"monthly issuance";5760;"OWNER";480508;2247;"Zdar nad Sazavou";"south Moravia";125832;151;41;2;3;5;48.3;8512;102;2103;3.51;4.12;24232.752631578955;22277.357894736837;5200.0;940114;19;"M"
5970;4774;950709;465072;48;9689;1;66;"monthly issuance";5761;"DISPONENT";415511;2247;"Zdar nad Sazavou";"south Moravia";125832;151;41;2;3;5;48.3;8512;102;2103;3.51;4.12;24232.752631578955;22277.357894736837;5200.0;940114;19;"F"
6157;5650;950710;98592;24;4108;1;10;"issuance after transaction";6829;"OWNER";636224;3810;"Praha - vychod";"central Bohemia";92084;55;29;4;3;5;46.7;10124;141;4316;0.56;0.54;23204.557142857146;16937.14285714286;10530.0;950108;7;"F"
6153;5632;950725;285600;60;4760;1;5;"weekly issuance";6803;"OWNER";806207;2616;"Kolin";"central Bohemia";95616;65;30;4;1;6;51.4;9307;118;3040;3.85;4.43;29909.366666666665;26776.666666666668;0.0;941115;8;"F"
6153;5632;950725;285600;60;4760;1;5;"weekly issuance";6804;"DISPONENT";810607;2616;"Kolin";"central Bohemia";95616;65;30;4;1;6;51.4;9307;118;3040;3.85;4.43;29909.366666666665;26776.666666666668;0.0;941115;8;"M"
5693;3489;950801;44088;24;1837;1;9;"monthly issuance";4217;"OWNER";515625;2987;"Nymburk";"central Bohemia";81344;61;23;4;2;6;55.3;8899;149;2487;3.39;3.97;16008.912500000002;10462.85;3373.0;941208;8;"F"
5922;4580;950805;20220;12;1685;1;9;"monthly issuance";5521;"OWNER";735515;2987;"Nymburk";"central Bohemia";81344;61;23;4;2;6;55.3;8899;149;2487;3.39;3.97;21950.5;19341.883333333335;8723.0;940827;12;"F"
5959;4727;950811;107640;24;4485;1;2;"monthly issuance";5701;"OWNER";596122;2159;"Benesov";"central Bohemia";88884;80;26;6;2;5;46.7;8507;132;2674;1.67;1.85;33397.299999999996;24065.085714285717;3580.0;950213;7;"F"
5980;4825;950818;21396;12;1783;1;15;"monthly issuance";5826;"OWNER";680909;1845;"Cesky Krumlov";"south Bohemia";58796;22;16;7;1;5;51.9;9045;124;1879;3.13;3.6;12901.606666666667;11249.466666666669;0.0;940604;15;"M"
5980;4825;950818;21396;12;1783;1;15;"monthly issuance";5827;"DISPONENT";755128;1845;"Cesky Krumlov";"south Bohemia";58796;22;16;7;1;5;51.9;9045;124;1879;3.13;3.6;12901.606666666667;11249.466666666669;0.0;940604;15;"F"
6764;8776;950826;33984;48;708;1;64;"monthly issuance";10818;"OWNER";720804;4484;"Zlin";"south Moravia";197099;29;41;10;2;10;74.7;9624;145;4265;1.6;2.31;14089.83846153846;10669.400000000001;0.0;940824;13;"M"
5237;1375;950829;45336;24;1889;1;19;"monthly issuance";1663;"OWNER";570429;999;"Prachatice";"south Bohemia";51428;50;11;3;1;4;52.7;8402;120;1099;3.13;3.98;21274.13529411765;18930.623529411765;5930.0;940427;17;"M"
6726;8492;950903;85860;60;1431;1;2;"monthly issuance";10479;"OWNER";556020;2159;"Benesov";"central Bohemia";88884;80;26;6;2;5;46.7;8507;132;2674;1.67;1.85;12120.0;9495.533333333335;4403.0;940629;16;"F"
6933;9493;950909;188688;48;3931;1;64;"monthly issuance";11685;"OWNER";655723;4484;"Zlin";"south Moravia";197099;29;41;10;2;10;74.7;9624;145;4265;1.6;2.31;21900.233333333334;17970.266666666666;6803.0;950402;6;"F"
5145;915;950916;309552;48;6449;1;72;"monthly issuance";1102;"OWNER";350129;9672;"Olomouc";"north Moravia";226122;32;50;7;4;4;62.6;8994;110;9208;3.8;4.79;36767.477777777785;31011.97777777778;14291.0;950118;9;"M"
7008;9897;950922;36168;12;3014;1;1;"monthly issuance";12181;"OWNER";610819;85677;"Hl.m. Praha";"Prague";1204953;0;0;0;1;1;100.0;12541;167;99107;0.29;0.43;19905.457142857143;15742.885714285714;1507.0;950304;7;"M"
7227;10942;951002;314520;60;5242;1;44;"weekly issuance";13451;"OWNER";556118;2166;"Chrudim";"east Bohemia";105606;77;26;7;2;7;53.0;8254;97;2325;2.79;3.76;63199.19375000001;60043.75;10472.0;940605;17;"F"
6600;7861;951008;21852;36;607;1;34;"monthly issuance";9721;"OWNER";541205;5323;"Chomutov";"north Bohemia";125236;28;11;1;4;5;87.7;9675;100;5190;6.43;7.68;14934.27142857143;8805.8;0.0;950422;7;"M"
6712;8405;951014;266220;60;4437;1;20;"monthly issuance";10382;"OWNER";655217;1563;"Strakonice";"south Bohemia";70646;94;14;3;1;4;58.4;8547;120;1542;2.65;3.64;23385.12777777778;21265.12222222222;410.0;940510;18;"F"
7057;10093;951020;231696;36;6436;1;1;"weekly issuance";12416;"OWNER";730530;85677;"Hl.m. Praha";"Prague";1204953;0;0;0;1;1;100.0;12541;167;99107;0.29;0.43;43311.86875;40819.6875;2762.0;940701;16;"M"
7057;10093;951020;231696;36;6436;1;1;"weekly issuance";12417;"DISPONENT";745103;85677;"Hl.m. Praha";"Prague";1204953;0;0;0;1;1;100.0;12541;167;99107;0.29;0.43;43311.86875;40819.6875;2762.0;940701;16;"F"
7176;10663;951028;260028;36;7223;1;11;"monthly issuance";13113;"OWNER";761125;3475;"Praha - zapad";"central Bohemia";75637;35;36;9;0;7;36.5;9622;154;3529;0.45;0.59;45318.752173913046;42281.74782608695;4782.0;931208;22;"M"
7304;11349;951029;419880;60;6998;1;1;"weekly issuance";13955;"OWNER";456030;85677;"Hl.m. Praha";"Prague";1204953;0;0;0;1;1;100.0;12541;167;99107;0.29;0.43;38698.416666666664;34581.0;10886.0;950526;6;"F"
7304;11349;951029;419880;60;6998;1;1;"weekly issuance";13956;"DISPONENT";430406;85677;"Hl.m. Praha";"Prague";1204953;0;0;0;1;1;100.0;12541;167;99107;0.29;0.43;38698.416666666664;34581.0;10886.0;950526;6;"M"
6362;6738;951031;37908;12;3159;1;62;"monthly issuance";8130;"OWNER";765508;2719;"Uherske Hradiste";"south Moravia";145688;22;41;13;2;5;40.7;8544;109;2906;1.29;1.86;19219.10625;16337.000000000004;0.0;940728;16;"F"
5880;4423;951031;73836;36;2051;1;39;"monthly issuance";5333;"OWNER";675529;4947;"Most";"north Bohemia";119895;17;4;3;2;4;89.9;10446;90;4743;7.34;9.4;27493.300000000007;17857.14285714286;0.0;950426;7;"F"
6535;7546;951102;41952;12;3496;1;43;"monthly issuance";9346;"OWNER";721210;4085;"Hradec Kralove";"east Bohemia";161854;73;21;6;1;6;76.3;9425;125;3891;1.72;2.5;22970.2;21207.85714285714;3861.0;940903;15;"M"
5449;2343;951104;99336;24;4139;1;68;"monthly issuance";2831;"OWNER";805709;5623;"Frydek - Mistek";"north Moravia";228848;15;40;18;2;6;57.2;9893;96;5887;4.09;4.72;11679.072727272725;8876.872727272728;4723.0;941209;11;"F"
6342;6609;951112;60156;36;1671;-1;16;"monthly issuance";7980;"OWNER";760808;1874;"Jindrichuv Hradec";"south Bohemia";93931;74;21;10;1;8;56.9;8427;107;1913;1.12;1.54;53397.81111111111;45985.26666666667;3881.0;950327;9;"M"
5409;2218;951118;182040;60;3034;1;19;"monthly issuance";2686;"OWNER";515324;999;"Prachatice";"south Bohemia";51428;50;11;3;1;4;52.7;8402;120;1099;3.13;3.98;41292.13846153847;38311.55384615384;0.0;941121;12;"F"
5409;2218;951118;182040;60;3034;1;19;"monthly issuance";2687;"DISPONENT";490822;999;"Prachatice";"south Bohemia";51428;50;11;3;1;4;52.7;8402;120;1099;3.13;3.98;41292.13846153847;38311.55384615384;0.0;941121;12;"M"
6955;9627;951122;244368;48;5091;1;65;"issuance after transaction";11851;"OWNER";700402;2157;"Znojmo";"south Moravia";114200;101;41;4;1;4;43.7;8403;105;2718;5.74;5.72;78173.78235294118;73103.5294117647;0.0;940722;17;"M"
6985;9731;951122;113796;36;3161;1;54;"issuance after transaction";11978;"OWNER";711009;18721;"Brno - mesto";"south Moravia";387570;0;0;0;1;1;100.0;9897;140;18696;1.6;1.96;20778.675000000003;17940.833333333332;4967.0;941201;12;"M"
6985;9731;951122;113796;36;3161;1;54;"issuance after transaction";11979;"DISPONENT";776209;18721;"Brno - mesto";"south Moravia";387570;0;0;0;1;1;100.0;9897;140;18696;1.6;1.96;20778.675000000003;17940.833333333332;4967.0;941201;12;"F"
5125;789;951123;73056;48;1522;1;39;"monthly issuance";944;"OWNER";701218;4947;"Most";"north Bohemia";119895;17;4;3;2;4;89.9;10446;90;4743;7.34;9.4;7312.87;5158.3;2153.0;950206;11;"M"
5125;789;951123;73056;48;1522;1;39;"monthly issuance";945;"DISPONENT";775110;4947;"Most";"north Bohemia";119895;17;4;3;2;4;89.9;10446;90;4743;7.34;9.4;7312.87;5158.3;2153.0;950206;11;"F"
5805;4081;951128;137904;24;5746;-1;11;"monthly issuance";4918;"OWNER";680506;3475;"Praha - zapad";"central Bohemia";75637;35;36;9;0;7;36.5;9622;154;3529;0.45;0.59;11151.960000000001;4120.0;0.0;950722;5;"M"
6185;5774;951128;31176;24;1299;1;1;"monthly issuance";6987;"OWNER";680129;85677;"Hl.m. Praha";"Prague";1204953;0;0;0;1;1;100.0;12541;167;99107;0.29;0.43;21522.95;13081.766666666668;1413.0;950608;6;"M"
7243;11042;951204;217152;36;6032;1;72;"monthly issuance";13576;"OWNER";740707;9672;"Olomouc";"north Moravia";226122;32;50;7;4;4;62.6;8994;110;9208;3.8;4.79;34740.27272727273;30896.690909090907;8436.0;950129;13;"M"
6403;6924;951205;194880;48;4060;1;74;"monthly issuance";8359;"OWNER";791206;18782;"Ostrava - mesto";"north Moravia";323870;0;0;0;1;1;100.0;10673;100;18347;4.75;5.44;26562.355555555558;24839.744444444437;4585.0;940601;19;"M"
6578;7765;951211;27984;12;2332;1;52;"weekly issuance";9606;"OWNER";490216;2564;"Usti nad Orlici";"east Bohemia";139012;59;41;8;3;10;61.9;8363;108;2799;2.52;3.49;15899.68888888889;14878.555555555555;8217.0;940710;18;"M"
5413;2227;951212;92976;24;3874;1;31;"weekly issuance";2698;"OWNER";706007;1328;"Tachov";"west Bohemia";51313;34;12;3;1;4;59.2;8930;108;1452;3.52;4.2;33345.844999999994;32269.25;13386.0;940522;20;"F"
5413;2227;951212;92976;24;3874;1;31;"weekly issuance";2699;"DISPONENT";770223;1328;"Tachov";"west Bohemia";51313;34;12;3;1;4;59.2;8930;108;1452;3.52;4.2;33345.844999999994;32269.25;13386.0;940522;20;"M"
6949;9583;951212;104712;24;4363;1;31;"weekly issuance";11794;"OWNER";706007;1328;"Tachov";"west Bohemia";51313;34;12;3;1;4;59.2;8930;108;1452;3.52;4.2;33205.965;31700.2;13386.0;940522;20;"F"
6949;9583;951212;104712;24;4363;1;31;"weekly issuance";11795;"DISPONENT";770223;1328;"Tachov";"west Bohemia";51313;34;12;3;1;4;59.2;8930;108;1452;3.52;4.2;33205.965;31700.2;13386.0;940522;20;"M"
6545;7606;951212;191880;60;3198;1;21;"monthly issuance";9417;"OWNER";490308;2299;"Tabor";"south Bohemia";103347;87;16;7;1;7;67.0;9104;123;2354;1.51;2.07;56620.89;48768.77999999999;4268.0;950315;11;"M"
6178;5742;951216;232560;48;4845;1;74;"issuance after transaction";6946;"OWNER";705129;18782;"Ostrava - mesto";"north Moravia";323870;0;0;0;1;1;100.0;10673;100;18347;4.75;5.44;32837.1;25963.166666666668;0.0;950705;6;"F"
5160;1011;951218;204000;60;3400;1;45;"monthly issuance";1215;"OWNER";440506;2080;"Jicin";"east Bohemia";77917;85;19;6;1;5;53.5;8390;132;2122;2.28;2.89;20716.23076923077;17793.707692307693;7085.0;941217;13;"M"
6785;8899;951225;125340;60;2089;1;1;"weekly issuance";10963;"OWNER";440615;85677;"Hl.m. Praha";"Prague";1204953;0;0;0;1;1;100.0;12541;167;99107;0.29;0.43;39037.9625;37850.0;3713.0;940905;16;"M"
6540;7562;951231;309600;48;6450;1;72;"weekly issuance";9366;"OWNER";750626;9672;"Olomouc";"north Moravia";226122;32;50;7;4;4;62.6;8994;110;9208;3.8;4.79;38918.41666666667;35961.083333333336;0.0;950117;13;"M"
6589;7815;960101;189696;24;7904;1;19;"weekly issuance";9663;"OWNER";450924;999;"Prachatice";"south Bohemia";51428;50;11;3;1;4;52.7;8402;120;1099;3.13;3.98;62195.46666666666;52347.444444444445;1475.0;950409;9;"M"
6589;7815;960101;189696;24;7904;1;19;"weekly issuance";9664;"DISPONENT";446113;999;"Prachatice";"south Bohemia";51428;50;11;3;1;4;52.7;8402;120;1099;3.13;3.98;62195.46666666666;52347.444444444445;1475.0;950409;9;"F"
5900;4503;960101;135360;48;2820;1;50;"monthly issuance";5433;"OWNER";750924;2123;"Svitavy";"east Bohemia";102609;75;33;2;3;6;52.0;8187;94;2134;4.83;5.45;50278.36666666667;45705.94999999999;0.0;950103;12;"M"
5999;4907;960103;98832;48;2059;1;42;"monthly issuance";5928;"OWNER";705910;1658;"Havlickuv Brod";"east Bohemia";95907;87;25;5;2;7;59.1;8388;87;1668;2.41;2.94;17452.186956521735;16270.886956521736;3938.0;940206;23;"F"
6043;5126;960111;20352;48;424;1;58;"monthly issuance";6185;"OWNER";485305;2212;"Jihlava";"south Moravia";109164;98;16;6;1;4;63.6;8757;96;2471;3.38;3.95;9727.460000000001;7599.3;4208.0;950403;9;"F"
6043;5126;960111;20352;48;424;1;58;"monthly issuance";6186;"DISPONENT";520527;2212;"Jihlava";"south Moravia";109164;98;16;6;1;4;63.6;8757;96;2471;3.38;3.95;9727.460000000001;7599.3;4208.0;950403;9;"M"
5482;2496;960112;165120;60;2752;1;51;"monthly issuance";3013;"OWNER";505318;3496;"Trutnov";"east Bohemia";121947;37;28;7;3;11;70.5;8541;131;3839;2.51;2.97;9427.352380952381;8344.238095238097;4982.0;940521;20;"F"
5482;2496;960112;165120;60;2752;1;51;"monthly issuance";3014;"DISPONENT";531105;3496;"Trutnov";"east Bohemia";121947;37;28;7;3;11;70.5;8541;131;3839;2.51;2.97;9427.352380952381;8344.238095238097;4982.0;940521;20;"M"
7263;11138;960119;89880;24;3745;1;70;"weekly issuance";13690;"OWNER";630516;9878;"Karvina";"north Moravia";285387;0;2;8;5;7;89.9;10177;81;10108;6.63;7.75;35923.25;29410.0;0.0;950818;5;"M"
6013;4995;960203;128988;36;3583;-1;20;"weekly issuance";6034;"OWNER";390815;1563;"Strakonice";"south Bohemia";70646;94;14;3;1;4;58.4;8547;120;1542;2.65;3.64;17494.972222222223;16957.17222222222;0.0;940801;18;"M"
5750;3804;960208;63252;12;5271;1;7;"monthly issuance";4584;"OWNER";495624;4289;"Melnik";"central Bohemia";94725;38;28;1;3;6;63.4;9920;130;4846;2.26;2.87;34799.60434782609;32638.339130434768;643.0;940407;22;"F"
6027;5066;960210;61656;24;2569;-1;13;"weekly issuance";6115;"OWNER";536225;1597;"Rakovnik";"central Bohemia";53921;61;22;1;1;2;41.3;8598;123;1875;2.77;3.26;17985.071428571428;9457.142857142857;0.0;950827;6;"F"
6303;6400;960212;72408;24;3017;-1;31;"issuance after transaction";7727;"OWNER";585613;1328;"Tachov";"west Bohemia";51313;34;12;3;1;4;59.2;8930;108;1452;3.52;4.2;21832.78;14560.0;0.0;951009;4;"F"
7213;10884;960213;113544;36;3154;1;65;"monthly issuance";13380;"OWNER";420918;2157;"Znojmo";"south Moravia";114200;101;41;4;1;4;43.7;8403;105;2718;5.74;5.72;18137.85384615385;17108.09230769231;1326.0;950220;12;"M"
6659;8092;960220;56100;60;935;1;54;"monthly issuance";9995;"OWNER";580707;18721;"Brno - mesto";"south Moravia";387570;0;0;0;1;1;100.0;9897;140;18696;1.6;1.96;9916.292857142858;8815.77142857143;6216.0;950111;14;"M"
6175;5735;960221;290700;60;4845;-1;52;"monthly issuance";6936;"OWNER";595227;2564;"Usti nad Orlici";"east Bohemia";139012;59;41;8;3;10;61.9;8363;108;2799;2.52;3.49;51393.99999999999;50567.22142857142;0.0;950125;14;"F"
5610;3112;960224;123216;48;2567;1;38;"monthly issuance";3763;"OWNER";775812;2653;"Louny";"north Bohemia";85852;41;23;4;2;4;59.8;8965;104;2822;7.08;8.23;42922.047368421045;38838.84210526315;1468.0;940812;18;"F"
5610;3112;960224;123216;48;2567;1;38;"monthly issuance";3764;"DISPONENT";780129;2653;"Louny";"north Bohemia";85852;41;23;4;2;4;59.8;8965;104;2822;7.08;8.23;42922.047368421045;38838.84210526315;1468.0;940812;18;"M"
5563;2912;960229;380160;60;6336;1;74;"monthly issuance";3519;"OWNER";491215;18782;"Ostrava - mesto";"north Moravia";323870;0;0;0;1;1;100.0;10673;100;18347;4.75;5.44;43908.524999999994;42681.03999999999;0.0;940730;19;"M"
5989;4852;960304;213300;36;5925;1;47;"monthly issuance";5860;"OWNER";640422;6079;"Pardubice";"east Bohemia";162580;83;26;5;1;6;72.8;9538;111;5410;1.51;1.81;11245.845454545453;8761.6;4794.0;950413;11;"M"
6698;8327;960310;247728;48;5161;1;1;"weekly issuance";10282;"OWNER";790619;85677;"Hl.m. Praha";"Prague";1204953;0;0;0;1;1;100.0;12541;167;99107;0.29;0.43;41134.72499999999;34565.75;4104.0;950808;7;"M"
5312;1772;960313;202788;36;5633;1;31;"weekly issuance";2148;"OWNER";535720;1328;"Tachov";"west Bohemia";51313;34;12;3;1;4;59.2;8930;108;1452;3.52;4.2;48456.40714285715;42626.142857142855;11994.0;950220;14;"F"
7189;10728;960321;154656;48;3222;1;71;"monthly issuance";13190;"OWNER";561128;4980;"Novy Jicin";"north Moravia";161227;5;35;11;4;10;69.7;8678;102;4595;5.93;5.57;19668.043750000004;17344.250000000004;3867.0;941223;14;"M"
6816;9017;960326;100224;48;2088;-1;70;"monthly issuance";11105;"OWNER";575201;9878;"Karvina";"north Moravia";285387;0;2;8;5;7;89.9;10177;81;10108;6.63;7.75;12017.420000000002;5740.0;0.0;951122;4;"F"
6137;5574;960410;44628;12;3719;1;13;"weekly issuance";6731;"OWNER";431126;1597;"Rakovnik";"central Bohemia";53921;61;22;1;1;2;41.3;8598;123;1875;2.77;3.26;49072.718181818185;45416.36363636364;11878.0;940714;21;"M"
5128;808;960411;215616;48;4492;-1;69;"monthly issuance";968;"OWNER";570217;6779;"Jesenik";"north Moravia";42821;4;13;5;1;3;48.4;8173;124;1358;4.842;7.01;15015.20909090909;14229.690909090907;11700.0;950613;10;"M"
5470;2456;960415;200976;48;4187;1;65;"monthly issuance";2966;"OWNER";550220;2157;"Znojmo";"south Moravia";114200;101;41;4;1;4;43.7;8403;105;2718;5.74;5.72;27098.9125;21169.975000000002;9554.0;950909;7;"M"
5593;3037;960418;277884;36;7719;-1;44;"monthly issuance";3670;"OWNER";805917;2166;"Chrudim";"east Bohemia";105606;77;26;7;2;7;53.0;8254;97;2325;2.79;3.76;26372.708333333332;25888.791666666657;6100.0;940526;23;"F"
5350;1967;960421;249312;48;5194;1;26;"weekly issuance";2392;"OWNER";550521;6041;"Plzen - mesto";"west Bohemia";170449;0;0;0;1;1;100.0;10787;131;6261;2.64;3.09;21839.380000000005;18144.266666666666;14164.0;950213;15;"M"
6063;5213;960425;320976;48;6687;-1;1;"monthly issuance";6299;"OWNER";360809;85677;"Hl.m. Praha";"Prague";1204953;0;0;0;1;1;100.0;12541;167;99107;0.29;0.43;44508.899999999994;39346.42222222222;0.0;950818;8;"M"
6501;7418;960429;30276;12;2523;-1;21;"monthly issuance";9196;"OWNER";395423;2299;"Tabor";"south Bohemia";103347;87;16;7;1;7;67.0;9104;123;2354;1.51;2.07;18750.415384615386;16832.676923076924;11600.0;950407;13;"F"
5452;2352;960429;49440;60;824;1;70;"monthly issuance";2843;"OWNER";666006;9878;"Karvina";"north Moravia";285387;0;2;8;5;7;89.9;10177;81;10108;6.63;7.75;20477.04375;17663.187500000004;5581.0;950121;16;"F"
4961;19;960429;30276;12;2523;-1;21;"monthly issuance";25;"OWNER";395423;2299;"Tabor";"south Bohemia";103347;87;16;7;1;7;67.0;9104;123;2354;1.51;2.07;18629.16923076923;17409.600000000002;13200.0;950407;13;"F"
4973;67;960502;165960;24;6915;1;16;"monthly issuance";78;"OWNER";445613;1874;"Jindrichuv Hradec";"south Bohemia";93931;74;21;10;1;8;56.9;8427;107;1913;1.12;1.54;42802.200000000004;41555.3894736842;6393.0;941019;19;"F"
6190;5794;960506;123600;60;2060;1;70;"monthly issuance";7010;"OWNER";670630;9878;"Karvina";"north Moravia";285387;0;2;8;5;7;89.9;10177;81;10108;6.63;7.75;23122.48;21571.920000000006;0.0;950714;10;"M"
6190;5794;960506;123600;60;2060;1;70;"monthly issuance";7011;"DISPONENT";615414;9878;"Karvina";"north Moravia";285387;0;2;8;5;7;89.9;10177;81;10108;6.63;7.75;23122.48;21571.920000000006;0.0;950714;10;"F"
6715;8411;960506;220620;60;3677;1;20;"monthly issuance";10389;"OWNER";435815;1563;"Strakonice";"south Bohemia";70646;94;14;3;1;4;58.4;8547;120;1542;2.65;3.64;24611.76470588235;23057.105882352935;5812.0;941202;17;"F"
5892;4462;960514;66480;24;2770;-1;73;"weekly issuance";5384;"OWNER";350721;4355;"Opava";"north Moravia";182027;17;49;12;2;7;56.4;8746;90;4433;3.33;3.74;17098.239999999998;10120.0;0.0;951227;5;"M"
6550;7614;960518;320592;48;6679;1;62;"monthly issuance";9427;"OWNER";706109;2719;"Uherske Hradiste";"south Moravia";145688;22;41;13;2;5;40.7;8544;109;2906;1.29;1.86;40318.29375;35996.49999999999;0.0;950208;16;"F"
6550;7614;960518;320592;48;6679;1;62;"monthly issuance";9428;"DISPONENT";650509;2719;"Uherske Hradiste";"south Moravia";145688;22;41;13;2;5;40.7;8544;109;2906;1.29;1.86;40318.29375;35996.49999999999;0.0;950208;16;"M"
5706;3608;960524;161496;36;4486;1;72;"weekly issuance";4352;"OWNER";710724;9672;"Olomouc";"north Moravia";226122;32;50;7;4;4;62.6;8994;110;9208;3.8;4.79;20889.704545454544;19554.636363636364;3124.0;940830;21;"M"
5148;940;960529;284280;60;4738;1;37;"monthly issuance";1133;"OWNER";585915;4147;"Litomerice";"north Bohemia";114006;71;26;6;2;9;62.3;9065;123;4166;4.46;5.39;39076.95789473686;34097.0947368421;0.0;941115;18;"F"
5148;940;960529;284280;60;4738;1;37;"monthly issuance";1134;"DISPONENT";591001;4147;"Litomerice";"north Bohemia";114006;71;26;6;2;9;62.3;9065;123;4166;4.46;5.39;39076.95789473686;34097.0947368421;0.0;941115;18;"M"
6734;8547;960530;173016;36;4806;1;14;"weekly issuance";10543;"OWNER";455223;6604;"Ceske Budejovice";"south Bohemia";177686;69;27;10;1;9;74.8;10045;135;6295;1.42;1.71;61781.627272727266;53751.454545454544;0.0;950717;10;"F"
6109;5422;960603;368880;60;6148;1;66;"monthly issuance";6544;"OWNER";740804;2247;"Zdar nad Sazavou";"south Moravia";125832;151;41;2;3;5;48.3;8512;102;2103;3.51;4.12;55304.895;50019.259999999995;832.0;941022;20;"M"
6109;5422;960603;368880;60;6148;1;66;"monthly issuance";6545;"DISPONENT";785909;2247;"Zdar nad Sazavou";"south Moravia";125832;151;41;2;3;5;48.3;8512;102;2103;3.51;4.12;55304.895;50019.259999999995;832.0;941022;20;"F"
6961;9645;960606;176148;36;4893;1;38;"monthly issuance";11873;"OWNER";636120;2653;"Louny";"north Bohemia";85852;41;23;4;2;4;59.8;8965;104;2822;7.08;8.23;28238.54;17520.0;0.0;960123;6;"F"
6810;9006;960608;186384;48;3883;1;40;"weekly issuance";11093;"OWNER";590129;6949;"Teplice";"north Bohemia";128118;9;16;6;3;8;85.3;9317;97;6872;6.49;7.07;54571.761904761916;53571.57142857143;4541.0;940902;21;"M"
5494;2572;960613;360000;48;7500;1;64;"issuance after transaction";3103;"OWNER";735307;4484;"Zlin";"south Moravia";197099;29;41;10;2;10;74.7;9624;145;4265;1.6;2.31;52270.30500000001;49032.03;0.0;941113;19;"F"
5311;1766;960615;30060;60;501;1;28;"monthly issuance";2141;"OWNER";510906;1580;"Plzen - sever";"west Bohemia";72541;66;26;10;0;8;36.9;8594;112;1525;1.62;2.01;21643.03636363636;19437.41818181818;4353.0;940903;21;"M"
5445;2322;960629;46320;24;1930;1;33;"monthly issuance";2809;"OWNER";790214;4650;"Decin";"north Bohemia";133777;24;17;7;3;11;84.7;8705;116;4859;5.75;7.61;40527.58333333334;39219.08888888887;3359.0;950102;18;"M"
5301;1698;960706;141948;36;3943;1;68;"monthly issuance";2063;"OWNER";505926;5623;"Frydek - Mistek";"north Moravia";228848;15;40;18;2;6;57.2;9893;96;5887;4.09;4.72;17109.949999999997;5300.0;0.0;960314;5;"F"
7034;10001;960711;19044;36;529;1;24;"monthly issuance";12303;"OWNER";745405;5198;"Karlovy Vary";"west Bohemia";122603;25;21;6;2;8;80.0;8991;128;5273;1.39;2.01;16853.26666666667;13508.760000000002;0.0;950528;15;"F"
6751;8680;960714;85716;36;2381;1;17;"monthly issuance";10702;"OWNER";380503;1003;"Pelhrimov";"south Bohemia";74062;99;15;4;2;7;61.4;8114;119;1181;2.38;2.62;14452.833333333334;8366.666666666666;0.0;960212;6;"M"
6751;8680;960714;85716;36;2381;1;17;"monthly issuance";10703;"DISPONENT";435428;1003;"Pelhrimov";"south Bohemia";74062;99;15;4;2;7;61.4;8114;119;1181;2.38;2.62;14452.833333333334;8366.666666666666;0.0;960212;6;"F"
6667;8127;960715;155880;24;6495;1;37;"monthly issuance";10040;"OWNER";686030;4147;"Litomerice";"north Bohemia";114006;71;26;6;2;9;62.3;9065;123;4166;4.46;5.39;40505.56363636363;38479.8909090909;8305.0;941013;21;"F"
6667;8127;960715;155880;24;6495;1;37;"monthly issuance";10041;"DISPONENT";680417;4147;"Litomerice";"north Bohemia";114006;71;26;6;2;9;62.3;9065;123;4166;4.46;5.39;40505.56363636363;38479.8909090909;8305.0;941013;21;"M"
6130;5541;960718;32640;48;680;1;43;"monthly issuance";6691;"OWNER";421015;4085;"Hradec Kralove";"east Bohemia";161854;73;21;6;1;6;76.3;9425;125;3891;1.72;2.5;9278.982352941177;8173.094117647059;3114.0;950324;17;"M"
5429;2268;960718;20196;36;561;1;1;"monthly issuance";2746;"OWNER";710225;85677;"Hl.m. Praha";"Prague";1204953;0;0;0;1;1;100.0;12541;167;99107;0.29;0.43;24494.76666666667;20845.62222222222;5742.0;950211;18;"M"
5725;3679;960723;444864;48;9268;1;64;"monthly issuance";4434;"OWNER";640329;4484;"Zlin";"south Moravia";197099;29;41;10;2;10;74.7;9624;145;4265;1.6;2.31;18894.475;15415.800000000001;3869.0;950815;11;"M"
5725;3679;960723;444864;48;9268;1;64;"monthly issuance";4435;"DISPONENT";656030;4484;"Zlin";"south Moravia";197099;29;41;10;2;10;74.7;9624;145;4265;1.6;2.31;18894.475;15415.800000000001;3869.0;950815;11;"F"
6019;5033;960725;11400;12;950;1;54;"monthly issuance";6077;"OWNER";805430;18721;"Brno - mesto";"south Moravia";387570;0;0;0;1;1;100.0;9897;140;18696;1.6;1.96;8969.050000000001;6650.683333333333;1820.0;950803;12;"F"
6421;6985;960725;96768;36;2688;1;38;"monthly issuance";8432;"OWNER";685106;2653;"Louny";"north Bohemia";85852;41;23;4;2;4;59.8;8965;104;2822;7.08;8.23;35058.28461538462;32181.630769230767;13167.0;950727;12;"F"
6421;6985;960725;96768;36;2688;1;38;"monthly issuance";8433;"DISPONENT";610911;2653;"Louny";"north Bohemia";85852;41;23;4;2;4;59.8;8965;104;2822;7.08;8.23;35058.28461538462;32181.630769230767;13167.0;950727;12;"M"
6992;9790;960727;133968;48;2791;1;52;"monthly issuance";12050;"OWNER";430530;2564;"Usti nad Orlici";"east Bohemia";139012;59;41;8;3;10;61.9;8363;108;2799;2.52;3.49;45554.42222222223;41695.57777777777;9210.0;951109;8;"M"
6992;9790;960727;133968;48;2791;1;52;"monthly issuance";12051;"DISPONENT";365930;2564;"Usti nad Orlici";"east Bohemia";139012;59;41;8;3;10;61.9;8363;108;2799;2.52;3.49;45554.42222222223;41695.57777777777;9210.0;951109;8;"F"
5136;846;960728;187104;24;7796;1;72;"monthly issuance";1020;"OWNER";775510;9672;"Olomouc";"north Moravia";226122;32;50;7;4;4;62.6;8994;110;9208;3.8;4.79;57741.4;40365.840000000004;0.0;960309;5;"F"
5337;1886;960731;162468;36;4513;1;32;"monthly issuance";2288;"OWNER";575823;4340;"Ceska Lipa";"north Bohemia";105058;32;19;7;2;10;81.0;9272;118;4505;2.8;3.22;30087.760000000002;15160.0;0.0;960305;5;"F"
5337;1886;960731;162468;36;4513;1;32;"monthly issuance";2289;"DISPONENT";540821;4340;"Ceska Lipa";"north Bohemia";105058;32;19;7;2;10;81.0;9272;118;4505;2.8;3.22;30087.760000000002;15160.0;0.0;960305;5;"M"
5495;2580;960802;89340;60;1489;1;60;"monthly issuance";3113;"OWNER";716112;1879;"Prostejov";"south Moravia";110643;49;41;4;1;4;51.9;8441;115;2252;3.45;4.48;13703.955555555553;9090.333333333334;5016.0;951109;9;"F"
5495;2580;960802;89340;60;1489;1;60;"monthly issuance";3114;"DISPONENT";710224;1879;"Prostejov";"south Moravia";110643;49;41;4;1;4;51.9;8441;115;2252;3.45;4.48;13703.955555555553;9090.333333333334;5016.0;951109;9;"M"
7013;9928;960802;89340;60;1489;1;60;"monthly issuance";12220;"OWNER";716112;1879;"Prostejov";"south Moravia";110643;49;41;4;1;4;51.9;8441;115;2252;3.45;4.48;13704.5;9012.555555555555;5016.0;951109;9;"F"
7013;9928;960802;89340;60;1489;1;60;"monthly issuance";12221;"DISPONENT";710224;1879;"Prostejov";"south Moravia";110643;49;41;4;1;4;51.9;8441;115;2252;3.45;4.48;13704.5;9012.555555555555;5016.0;951109;9;"M"
6012;4994;960803;258444;36;7179;1;1;"weekly issuance";6033;"OWNER";660527;85677;"Hl.m. Praha";"Prague";1204953;0;0;0;1;1;100.0;12541;167;99107;0.29;0.43;13770.300000000001;6071.428571428572;0.0;960111;8;"M"
6471;7184;960804;155640;24;6485;1;5;"monthly issuance";8670;"OWNER";435107;2616;"Kolin";"central Bohemia";95616;65;30;4;1;6;51.4;9307;118;3040;3.85;4.43;23173.285714285717;20280.81428571429;3434.0;950619;15;"F"
6296;6358;960806;270384;48;5633;1;3;"monthly issuance";7678;"OWNER";620407;2824;"Beroun";"central Bohemia";75232;55;26;4;1;5;41.7;8980;111;2813;1.95;2.21;35529.38125;31914.687499999993;13076.0;950527;16;"M"
7305;11359;960806;54024;12;4502;1;61;"monthly issuance";13968;"OWNER";680413;2112;"Trebic";"south Moravia";117897;139;28;5;1;6;53.8;8814;107;2059;4.76;5.74;29678.745454545457;28511.35454545454;4518.0;941001;22;"M"
6144;5593;960809;44376;12;3698;1;15;"monthly issuance";6753;"OWNER";620523;1845;"Cesky Krumlov";"south Bohemia";58796;22;16;7;1;5;51.9;9045;124;1879;3.13;3.6;47586.042857142864;37837.25714285715;6049.0;960227;7;"M"
6283;6289;960811;85632;48;1784;1;64;"monthly issuance";7594;"OWNER";495407;4484;"Zlin";"south Moravia";197099;29;41;10;2;10;74.7;9624;145;4265;1.6;2.31;28695.24375;23349.274999999998;0.0;950405;17;"F"
7246;11054;960820;148920;60;2482;1;59;"weekly issuance";13590;"OWNER";770803;2595;"Kromeriz";"south Moravia";108871;41;29;7;2;6;62.1;8444;106;2305;3.24;3.47;18433.8;16251.142857142857;11506.0;960201;7;"M"
5088;544;960822;91152;24;3798;1;32;"monthly issuance";655;"OWNER";421210;4340;"Ceska Lipa";"north Bohemia";105058;32;19;7;2;10;81.0;9272;118;4505;2.8;3.22;23976.73125;21515.5625;0.0;950515;16;"M"
5988;4851;960822;141648;24;5902;1;52;"monthly issuance";5858;"OWNER";520717;2564;"Usti nad Orlici";"east Bohemia";139012;59;41;8;3;10;61.9;8363;108;2799;2.52;3.49;24472.885714285716;11800.0;0.0;960204;7;"M"
5988;4851;960822;141648;24;5902;1;52;"monthly issuance";5859;"DISPONENT";455129;2564;"Usti nad Orlici";"east Bohemia";139012;59;41;8;3;10;61.9;8363;108;2799;2.52;3.49;24472.885714285716;11800.0;0.0;960204;7;"F"
5282;1583;960824;388512;48;8094;-1;69;"issuance after transaction";1917;"OWNER";695313;6779;"Jesenik";"north Moravia";42821;4;13;5;1;3;48.4;8173;124;1358;4.842;7.01;20841.545454545456;19082.581818181818;0.0;941117;21;"F"
5938;4650;960825;402000;60;6700;1;4;"monthly issuance";5606;"OWNER";800806;5244;"Kladno";"central Bohemia";149893;63;29;6;2;6;67.4;9753;109;5892;4.64;5.05;8220.272727272726;6653.727272727273;554.0;951015;10;"M"
5606;3084;960828;253512;36;7042;-1;59;"weekly issuance";3730;"OWNER";455807;2595;"Kromeriz";"south Moravia";108871;41;29;7;2;6;62.1;8444;106;2305;3.24;3.47;21457.3125;19792.5;9000.0;960128;8;"F"
5385;2143;960909;71460;36;1985;1;1;"monthly issuance";2592;"OWNER";805831;85677;"Hl.m. Praha";"Prague";1204953;0;0;0;1;1;100.0;12541;167;99107;0.29;0.43;22735.5875;16529.475000000002;7264.0;960113;9;"F"
5385;2143;960909;71460;36;1985;1;1;"monthly issuance";2593;"DISPONENT";770610;85677;"Hl.m. Praha";"Prague";1204953;0;0;0;1;1;100.0;12541;167;99107;0.29;0.43;22735.5875;16529.475000000002;7264.0;960113;9;"M"
6865;9199;960911;29448;12;2454;-1;72;"monthly issuance";11327;"OWNER";471021;9672;"Olomouc";"north Moravia";226122;32;50;7;4;4;62.6;8994;110;9208;3.8;4.79;13478.12;4720.0;0.0;960515;5;"M"
5586;2994;960914;48744;36;1354;1;77;"monthly issuance";3616;"OWNER";645414;3460;"Vsetin";"north Moravia";148545;8;35;12;3;4;53.5;8909;113;3590;4.01;5.56;22238.260000000002;9660.0;0.0;960503;5;"F"
6302;6397;960916;181020;60;3017;1;48;"monthly issuance";7723;"OWNER";665614;1655;"Rychnov nad Kneznou";"east Bohemia";78955;50;24;8;1;9;59.0;9060;124;1717;1.78;2.44;18920.673684210527;16682.463157894737;0.0;950315;19;"F"
6302;6397;960916;181020;60;3017;1;48;"monthly issuance";7724;"DISPONENT";680223;1655;"Rychnov nad Kneznou";"east Bohemia";78955;50;24;8;1;9;59.0;9060;124;1717;1.78;2.44;18920.673684210527;16682.463157894737;0.0;950315;19;"M"
7194;10762;960917;68832;36;1912;1;1;"monthly issuance";13231;"OWNER";590701;85677;"Hl.m. Praha";"Prague";1204953;0;0;0;1;1;100.0;12541;167;99107;0.29;0.43;19436.533333333336;15141.466666666667;5435.0;951023;11;"M"
6461;7136;960919;74124;36;2059;1;12;"weekly issuance";8615;"OWNER";395413;3804;"Pribram";"central Bohemia";107870;84;29;6;1;6;58.0;8754;137;3868;3.83;4.31;31292.794444444447;29867.333333333332;1080.0;950409;18;"F"
6732;8533;960919;174048;48;3626;1;47;"monthly issuance";10528;"OWNER";525216;6079;"Pardubice";"east Bohemia";162580;83;26;5;1;6;72.8;9538;111;5410;1.51;1.81;41077.341666666674;36565.63333333333;0.0;951010;11;"F"
6613;7926;960922;84120;24;3505;1;69;"weekly issuance";9798;"OWNER";505302;6779;"Jesenik";"north Moravia";42821;4;13;5;1;3;48.4;8173;124;1358;4.842;7.01;43070.725000000006;27082.5;0.0;960609;4;"F"
7036;10019;960925;194940;36;5415;1;8;"monthly issuance";12325;"OWNER";641030;5179;"Mlada Boleslav";"central Bohemia";112065;95;19;7;1;8;69.4;11277;127;4987;1.25;1.44;37094.668750000004;34956.38749999999;0.0;950615;16;"M"
5897;4476;960925;15192;24;633;1;24;"monthly issuance";5399;"OWNER";726227;5198;"Karlovy Vary";"west Bohemia";122603;25;21;6;2;8;80.0;8991;128;5273;1.39;2.01;15439.139130434784;14684.704347826088;3195.0;941110;22;"F"
6995;9814;960926;96168;12;8014;1;64;"weekly issuance";12079;"OWNER";725812;4484;"Zlin";"south Moravia";197099;29;41;10;2;10;74.7;9624;145;4265;1.6;2.31;29320.319047619047;29148.428571428572;0.0;950119;22;"F"
5415;2236;960926;139464;36;3874;-1;73;"monthly issuance";2708;"OWNER";580812;4355;"Opava";"north Moravia";182027;17;49;12;2;7;56.4;8746;90;4433;3.33;3.74;10490.228571428574;7514.285714285715;0.0;950827;14;"M"
7136;10436;960928;54396;36;1511;1;60;"monthly issuance";12840;"OWNER";390727;1879;"Prostejov";"south Moravia";110643;49;41;4;1;4;51.9;8441;115;2252;3.45;4.48;8917.628571428571;3744.942857142857;0.0;960321;7;"M"
7271;11186;961002;392460;60;6541;1;12;"monthly issuance";13750;"OWNER";806113;3804;"Pribram";"central Bohemia";107870;84;29;6;1;6;58.0;8754;137;3868;3.83;4.31;41205.34782608695;38890.33913043477;9810.0;941124;23;"F"
7271;11186;961002;392460;60;6541;1;12;"monthly issuance";13751;"DISPONENT";790720;3804;"Pribram";"central Bohemia";107870;84;29;6;1;6;58.0;8754;137;3868;3.83;4.31;41205.34782608695;38890.33913043477;9810.0;941124;23;"M"
5375;2106;961003;101520;12;8460;1;1;"monthly issuance";2550;"OWNER";766012;85677;"Hl.m. Praha";"Prague";1204953;0;0;0;1;1;100.0;12541;167;99107;0.29;0.43;13798.899999999998;11708.800000000001;3468.0;960201;9;"F"
5635;3230;961004;77184;36;2144;1;1;"monthly issuance";3907;"OWNER";546209;85677;"Hl.m. Praha";"Prague";1204953;0;0;0;1;1;100.0;12541;167;99107;0.29;0.43;28591.570000000007;27469.269999999997;0.0;950311;20;"F"
6817;9024;961004;70656;48;1472;1;1;"monthly issuance";11114;"OWNER";520726;85677;"Hl.m. Praha";"Prague";1204953;0;0;0;1;1;100.0;12541;167;99107;0.29;0.43;14872.899999999998;12625.300000000001;6270.0;960105;11;"M"
5923;4585;961010;64656;48;1347;1;27;"monthly issuance";5526;"OWNER";470319;1029;"Plzen - jih";"west Bohemia";67298;71;19;10;0;7;43.8;8561;110;1127;0.65;1.29;12129.78;3180.0;0.0;960608;5;"M"
5923;4585;961010;64656;48;1347;1;27;"monthly issuance";5527;"DISPONENT";416128;1029;"Plzen - jih";"west Bohemia";67298;71;19;10;0;7;43.8;8561;110;1127;0.65;1.29;12129.78;3180.0;0.0;960608;5;"F"
5329;1862;961016;396120;60;6602;1;19;"weekly issuance";2259;"OWNER";505102;999;"Prachatice";"south Bohemia";51428;50;11;3;1;4;52.7;8402;120;1099;3.13;3.98;40877.121052631584;36213.42105263158;0.0;950415;19;"F"
6644;8039;961020;93600;24;3900;1;9;"monthly issuance";9930;"OWNER";720623;2987;"Nymburk";"central Bohemia";81344;61;23;4;2;6;55.3;8899;149;2487;3.39;3.97;20833.572727272727;18448.49090909091;1074.0;951217;10;"M"
6354;6688;961023;22968;36;638;1;16;"monthly issuance";8076;"OWNER";505727;1874;"Jindrichuv Hradec";"south Bohemia";93931;74;21;10;1;8;56.9;8427;107;1913;1.12;1.54;8486.2;720.0;0.0;960625;5;"F"
5082;501;961024;262980;60;4383;1;13;"monthly issuance";603;"OWNER";665309;1597;"Rakovnik";"central Bohemia";53921;61;22;1;1;2;41.3;8598;123;1875;2.77;3.26;18671.33846153846;12818.92307692308;0.0;951021;13;"F"
6585;7795;961029;372120;60;6202;1;64;"monthly issuance";9641;"OWNER";450126;4484;"Zlin";"south Moravia";197099;29;41;10;2;10;74.7;9624;145;4265;1.6;2.31;60406.84545454545;58289.545454545456;0.0;950105;23;"M"
6585;7795;961029;372120;60;6202;1;64;"monthly issuance";9642;"DISPONENT";375903;4484;"Zlin";"south Moravia";197099;29;41;10;2;10;74.7;9624;145;4265;1.6;2.31;60406.84545454545;58289.545454545456;0.0;950105;23;"F"
6921;9422;961029;86184;12;7182;1;70;"monthly issuance";11596;"OWNER";406204;9878;"Karvina";"north Moravia";285387;0;2;8;5;7;89.9;10177;81;10108;6.63;7.75;46071.8125;40677.1;107.0;960306;9;"F"
5366;2062;961029;86184;12;7182;1;70;"monthly issuance";2501;"OWNER";406204;9878;"Karvina";"north Moravia";285387;0;2;8;5;7;89.9;10177;81;10108;6.63;7.75;46072.225;41114.6;107.0;960306;9;"F"
5886;4447;961031;192744;36;5354;1;62;"monthly issuance";5364;"OWNER";640314;2719;"Uherske Hradiste";"south Moravia";145688;22;41;13;2;5;40.7;8544;109;2906;1.29;1.86;42911.06;37351.240000000005;0.0;960616;5;"M"
5886;4447;961031;192744;36;5354;1;62;"monthly issuance";5365;"DISPONENT";715501;2719;"Uherske Hradiste";"south Moravia";145688;22;41;13;2;5;40.7;8544;109;2906;1.29;1.86;42911.06;37351.240000000005;0.0;960616;5;"F"
5741;3754;961103;68544;24;2856;1;37;"weekly issuance";4529;"OWNER";760916;4147;"Litomerice";"north Bohemia";114006;71;26;6;2;9;62.3;9065;123;4166;4.46;5.39;28162.877777777772;25526.222222222223;3976.0;960219;10;"M"
5741;3754;961103;68544;24;2856;1;37;"weekly issuance";4530;"DISPONENT";845918;4147;"Litomerice";"north Bohemia";114006;71;26;6;2;9;62.3;9065;123;4166;4.46;5.39;28162.877777777772;25526.222222222223;3976.0;960219;10;"F"
4996;132;961106;88440;12;7370;1;40;"issuance after transaction";158;"OWNER";455703;6949;"Teplice";"north Bohemia";128118;9;16;6;3;8;85.3;9317;97;6872;6.49;7.07;44940.13333333333;31788.833333333332;0.0;960511;7;"F"
4996;132;961106;88440;12;7370;1;40;"issuance after transaction";159;"DISPONENT";380910;6949;"Teplice";"north Bohemia";128118;9;16;6;3;8;85.3;9317;97;6872;6.49;7.07;44940.13333333333;31788.833333333332;0.0;960511;7;"M"
6015;5001;961109;110112;24;4588;1;53;"monthly issuance";6042;"OWNER";631012;1850;"Blansko";"south Moravia";107911;88;33;6;2;7;50.9;8240;99;1903;2.53;3.56;63337.708333333336;54432.85;9292.0;951215;11;"M"
6309;6434;961111;110136;24;4589;1;1;"monthly issuance";7765;"OWNER";585224;85677;"Hl.m. Praha";"Prague";1204953;0;0;0;1;1;100.0;12541;167;99107;0.29;0.43;20404.22105263158;18259.663157894734;4891.0;950508;19;"F"
6073;5263;961112;276300;60;4605;1;64;"monthly issuance";6359;"OWNER";760706;4484;"Zlin";"south Moravia";197099;29;41;10;2;10;74.7;9624;145;4265;1.6;2.31;9212.282352941178;7590.035294117648;3950.0;950714;17;"M"
6006;4948;961115;359760;60;5996;1;43;"monthly issuance";5977;"OWNER";790531;4085;"Hradec Kralove";"east Bohemia";161854;73;21;6;1;6;76.3;9425;125;3891;1.72;2.5;12585.641176470588;10235.082352941177;4710.0;950729;17;"M"
5611;3115;961115;321180;60;5353;1;14;"monthly issuance";3767;"OWNER";360907;6604;"Ceske Budejovice";"south Bohemia";177686;69;27;10;1;9;74.8;10045;135;6295;1.42;1.71;30745.255555555555;26613.75555555556;14723.0;960327;9;"M"
5611;3115;961115;321180;60;5353;1;14;"monthly issuance";3768;"DISPONENT";445304;6604;"Ceske Budejovice";"south Bohemia";177686;69;27;10;1;9;74.8;10045;135;6295;1.42;1.71;30745.255555555555;26613.75555555556;14723.0;960327;9;"F"
6944;9548;961115;46176;48;962;1;62;"monthly issuance";11754;"OWNER";661103;2719;"Uherske Hradiste";"south Moravia";145688;22;41;13;2;5;40.7;8544;109;2906;1.29;1.86;15373.016666666668;8918.833333333334;9613.0;960607;6;"M"
7101;10297;961118;421008;48;8771;1;14;"monthly issuance";12662;"OWNER";530601;6604;"Ceske Budejovice";"south Bohemia";177686;69;27;10;1;9;74.8;10045;135;6295;1.42;1.71;20784.827272727274;17951.36363636364;9902.0;960119;12;"M"
6599;7859;961119;72120;12;6010;1;52;"monthly issuance";9717;"OWNER";526110;2564;"Usti nad Orlici";"east Bohemia";139012;59;41;8;3;10;61.9;8363;108;2799;2.52;3.49;37263.66190476191;32566.904761904752;0.0;950314;22;"F"
6599;7859;961119;72120;12;6010;1;52;"monthly issuance";9718;"DISPONENT";590203;2564;"Usti nad Orlici";"east Bohemia";139012;59;41;8;3;10;61.9;8363;108;2799;2.52;3.49;37263.66190476191;32566.904761904752;0.0;950314;22;"M"
6940;9510;961122;228276;36;6341;1;1;"monthly issuance";11709;"OWNER";610803;85677;"Hl.m. Praha";"Prague";1204953;0;0;0;1;1;100.0;12541;167;99107;0.29;0.43;16453.766666666666;7502.433333333333;0.0;960609;6;"M"
6940;9510;961122;228276;36;6341;1;1;"monthly issuance";11710;"DISPONENT";675619;85677;"Hl.m. Praha";"Prague";1204953;0;0;0;1;1;100.0;12541;167;99107;0.29;0.43;16453.766666666666;7502.433333333333;0.0;960609;6;"F"
5209;1250;961125;182640;48;3805;1;62;"monthly issuance";1509;"OWNER";425419;2719;"Uherske Hradiste";"south Moravia";145688;22;41;13;2;5;40.7;8544;109;2906;1.29;1.86;21833.466666666667;19178.08888888889;61.0;960328;9;"F"
5388;2153;961128;61560;12;5130;1;31;"weekly issuance";2606;"OWNER";430104;1328;"Tachov";"west Bohemia";51313;34;12;3;1;4;59.2;8930;108;1452;3.52;4.2;32343.109090909085;30520.272727272728;1737.0;960107;12;"M"
6011;4981;961128;179328;48;3736;1;54;"monthly issuance";6015;"OWNER";731121;18721;"Brno - mesto";"south Moravia";387570;0;0;0;1;1;100.0;9897;140;18696;1.6;1.96;22760.70909090909;19481.18181818182;4930.0;960122;12;"M"
5591;3021;961204;155616;48;3242;1;10;"monthly issuance";3649;"OWNER";596025;3810;"Praha - vychod";"central Bohemia";92084;55;29;4;3;5;46.7;10124;141;4316;0.56;0.54;16610.08888888889;13893.755555555557;0.0;960420;9;"F"
7154;10520;961205;417600;60;6960;1;55;"issuance after transaction";12943;"OWNER";701012;3659;"Brno - venkov";"south Moravia";157042;49;70;18;0;9;33.9;8743;111;3894;1.88;2.43;11202.600000000002;7293.333333333333;0.0;951024;15;"M"
7130;10411;961211;123408;24;5142;1;39;"issuance after transaction";12810;"OWNER";641014;4947;"Most";"north Bohemia";119895;17;4;3;2;4;89.9;10446;90;4743;7.34;9.4;13739.228571428572;13142.285714285714;3020.0;951123;13;"M"
6818;9030;961212;155616;48;3242;1;72;"monthly issuance";11121;"OWNER";715410;9672;"Olomouc";"north Moravia";226122;32;50;7;4;4;62.6;8994;110;9208;3.8;4.79;18808.366666666665;16279.449999999997;2587.0;950121;25;"F"
6818;9030;961212;155616;48;3242;1;72;"monthly issuance";11122;"DISPONENT";790610;9672;"Olomouc";"north Moravia";226122;32;50;7;4;4;62.6;8994;110;9208;3.8;4.79;18808.366666666665;16279.449999999997;2587.0;950121;25;"M"
5625;3189;961215;222180;60;3703;-1;29;"monthly issuance";3855;"OWNER";390320;818;"Rokycany";"west Bohemia";45714;52;10;5;1;6;55.6;8843;113;888;2.82;3.6;26835.114285714284;22579.471428571425;0.0;951129;13;"M"
6805;8972;961221;45024;48;938;1;70;"monthly issuance";11050;"OWNER";575504;9878;"Karvina";"north Moravia";285387;0;2;8;5;7;89.9;10177;81;10108;6.63;7.75;21362.324999999997;16564.275;4719.0;960521;8;"F"
7233;10963;961225;115812;36;3217;1;16;"monthly issuance";13480;"OWNER";530601;1874;"Jindrichuv Hradec";"south Bohemia";93931;74;21;10;1;8;56.9;8427;107;1913;1.12;1.54;42215.215;40121.30999999999;0.0;950520;20;"M"
7308;11362;961227;129408;24;5392;1;67;"monthly issuance";13971;"OWNER";626019;3244;"Bruntal";"north Moravia";106054;38;25;6;2;6;63.1;8110;109;3079;5.77;6.55;17036.066666666666;15422.760000000002;4780.0;951014;15;"F"
